time,page,sender_name,content,photos,videos,link,kdv,,,
2024/03/31,FP - Ki·∫øn kh√¥ng ng·ªß,Huyy Anh,"""C√° ch·∫øc"" l√† m·ªôt t·ª´ ti·∫øng l√≥ng nh·∫±m ƒë·ªÉ ch·ªâ m·ªôt ng∆∞·ªùi (b·∫°n t√¨nh) khi l√¢m tr·∫≠n th√¨ h·ªç... ch·∫≥ng l√†m c√°i m·ªãa g√¨ üôÑ ch·ªâ c√≥ n·∫±m √¨ ra ƒë√≥ ƒë·ªÉ ng∆∞·ªùi kia l√†m, th·∫≠m ch√≠ c√≤n kh√¥ng c√≥ ph·∫£n ·ª©ng, t∆∞∆°ng t√°c v·ªõi ng∆∞·ªùi c√≤n l·∫°i.   ƒê·ª´ng l√† 1 con c√° ch·∫øc üêü  - Ki·∫øn D·∫±m KhƒÉm -",https://scontent.fhan14-5.fna.fbcdn.net/v/t1.15752-9/434383720_946943580348526_5602885470805765209_n.png?_nc_cat=104&ccb=1-7&_nc_sid=5f2048&_nc_eui2=AeFdFv6oPicy7Up00I3_GFg1j3Mo9jPw6S6Pcyj2M_DpLpWScBq8oCYF2nYxGGHOXPP19jZUrXG2ZDfa_Pa8imx0&_nc_ohc=aI5qd3QIkL4Ab7GWiuH&_nc_ht=scontent.fhan14-5.fna&oh=03_AdV48V9MXpLy1l7KRa7EAaxwbnP_JWfjL7fB8fVL75DMcw&oe=66352CDF ,,,B√°ch,S·ª≠a/ x√≥a b√†i,Thay ·∫£nh,·∫¢nh kh·ªèa th√¢n ng∆∞·ªùi l·ªõn v√† ho·∫°t ƒë·ªông t√¨nh d·ª•c
2024/03/31,FP - Ki·∫øn kh√¥ng ng·ªß,Huyy Anh,M·ªói ng√†y 1 b·ª©c ·∫£nh ng·∫ßu l√≤i...: ƒë√¢y l√† t√°c ph·∫©m ƒë∆∞·ª£c l√†m b·∫±ng c√°t c·ªßa ngh·ªá nh√¢n Andoni Bastarrika üëç  - Ki·∫øn Lang Thang -,https://scontent.fhan14-1.fna.fbcdn.net/v/t1.15752-9/434125809_273351275829374_8818683677917292500_n.png?_nc_cat=105&ccb=1-7&_nc_sid=5f2048&_nc_eui2=AeFi_hLyX6EX19Td_hb7oAhW7R-fxpSadnHtH5_GlJp2cQa7NWHEV4HzlDvaJwCbbvmmIjfKGpwYPLYBhmUyzSzv&_nc_ohc=T3hHjkPeWdEAb6XREBf&_nc_ht=scontent.fhan14-1.fna&oh=03_AdWBWFnPLyUpT9qzvhM9sve1usXB1dGA4u7vbJicjeIOsw&oe=66350F09 ,,,B√°ch,Duy·ªát,,
2024/03/31,FP - Ki·∫øn kh√¥ng ng·ªß,Thu Trang,Top 1 app c√≥ nhi·ªÅu cu·ªôc h·ªôi tho·∫°i ƒë·ªÉ t·ªè t√¨nh/chia tay nh·∫•t,https://scontent.fhan14-3.fna.fbcdn.net/v/t1.15752-9/434271489_773728941385413_3336146614572514283_n.jpg?_nc_cat=111&ccb=1-7&_nc_sid=5f2048&_nc_eui2=AeFPolRNbQo2mNBY92MdGoaRKqQa0SnLRyoqpBrRKctHKmSOlCRa32Nht7yNFK3R_ZK6KN-l7uxO-RCzSmn1qov3&_nc_ohc=l6U2AvjPKNEAb5GELNx&_nc_ht=scontent.fhan14-3.fna&oh=03_AdVrkGWprVeTSHqHEpNA3Rhzu9S5S7EFE6fag4sBiRpTAg&oe=66351EC0 ,,,B√°ch,Duy·ªát,,
2024/03/31,FP - Ki·∫øn kh√¥ng ng·ªß,Thu Trang,Mlem,https://scontent.fhan14-2.fna.fbcdn.net/v/t1.15752-9/434344626_241180102419892_3051192019839688316_n.jpg?_nc_cat=100&ccb=1-7&_nc_sid=5f2048&_nc_eui2=AeGEMGMr4vvhRNgi5eScELujKdXO31q-Cnwp1c7fWr4KfECj-0kf5FBamI_krry7NUPdKdZhOmZDwiAing_Old0m&_nc_ohc=UMvHVfLN3u0Ab5UGSg-&_nc_ht=scontent.fhan14-2.fna&oh=03_AdUIKHiTxyGq6CJ0BFjTzzujDoPR4eBk0rwVX1bADWhDwA&oe=66351E88 ,,,B√°ch,Duy·ªát,,
2024/03/31,FP - Ki·∫øn kh√¥ng ng·ªß,Huyy Anh,https://www.facebook.com/kienkhongngu.vn/posts/pfbid023KzEAZJDCxr4Tn7fv8qR3qePKqYRTirJgyAkLNBHVWsnobgeB7rcogC5qnDtZU1Pl,,,https://www.facebook.com/kienkhongngu.vn/posts/pfbid0371Gw45xJEikT5sx4kaRJj9goZSfRUC4WwW5MmNQxXWQsJNzYveS31KHjocrBGspHl,B√°ch,Duy·ªát,,
2024/03/31,FP - Ki·∫øn kh√¥ng ng·ªß,Huyy Anh,"""TV em b·ªÅn l·∫Øm anh, v·ªó b·∫°ch b·∫°ch lu√¥n n√†y, kh√¥ng tin anh th·ª≠ ƒëi...""",,https://video.fhan14-3.fna.fbcdn.net/v/t42.3356-2/435144617_7394042960672141_6335594697178424934_n.mp4?_nc_cat=103&ccb=1-7&_nc_sid=4f86bc&_nc_eui2=AeExlvyIQSz981O-QJvS7truwvjb76N1R8LC-Nvvo3VHwuL2sV3pPjqXsay0H6PxT3x4OhCCK0akZo_chRXVlZeq&_nc_ohc=pNHxCrj0GO8Ab7CPrpl&_nc_ht=video.fhan14-3.fna&oh=03_AdWPxXeIx0t_AgpSiTGsoilFe2JQDgAjEM2D4z73qTUKYQ&oe=660F9C71&dl=1 ,,B√°ch,Duy·ªát,,
2024/03/31,FP - Ki·∫øn kh√¥ng ng·ªß,Huyy Anh,Ai ƒë√≥ v·∫Ω th√™m m√πa n·∫Øng v√† m√πa l≈© ƒë·ªÉ c∆∞ d√¢n m·∫°ng c√≥ c√°i ch∆∞·ªüi ti·∫øp ƒëi ·∫° ‚ò∫Ô∏èüëä,https://scontent.fhan14-2.fna.fbcdn.net/v/t1.15752-9/434080875_865351282027364_5344187772779293037_n.png?_nc_cat=100&ccb=1-7&_nc_sid=5f2048&_nc_eui2=AeFjTYSl68vR6atmcio97RLsufGaijMF5LK58ZqKMwXksnBiAuSGz2KCJ2dktfoYjQcuZWzcywOgBVHTj-QhtEdE&_nc_ohc=haeRsySuwecAb73ac06&_nc_ht=scontent.fhan14-2.fna&oh=03_AdU4-9aysiKakLarNOW9YXf3VG-dpk-gKY-GvqQHZ0XSxQ&oe=6635306F ,,,B√°ch,Duy·ªát,,
2024/03/31,FP - Ki·∫øn kh√¥ng ng·ªß,Huyy Anh,·ªîng kh√¥ng mu·ªën gi√†y m√¨nh ∆∞·ªõt n√™n ƒë√£ ph·∫£i l√†m th·∫ø n√†y üòî,,https://video.fhan14-5.fna.fbcdn.net/v/t42.3356-2/10000000_25009299602050313_7840531354176434385_n.mp4?_nc_cat=106&ccb=1-7&_nc_sid=4f86bc&_nc_eui2=AeHILJLFTNbKIv79iW_J__Cds47elxW_b22zjt6XFb9vbdGdtpYsc88VSqJ1vVbGeh3pusu_kYn8Rtv5lhEMhtNf&_nc_ohc=kCJ8IdfqsVcAb7-g3yv&_nc_ht=video.fhan14-5.fna&oh=03_AdUTtMoCMtpwhbmvG1DMHxQvyRANmkhNtQmtYGJaaCfTvQ&oe=660F7B0C&dl=1 ,,B√°ch,Duy·ªát,,
2024/03/31,FP - Ki·∫øn kh√¥ng ng·ªß,Thu Trang,Tin vui cho c√°c anh em: Ki·∫øn D·∫±m KhƒÉm ƒë√£ ƒë·ªôc th√¢n tr·ªü l·∫°i üòá,,,,B√°ch,Duy·ªát,,
2024/03/31,FP - Ki·∫øn kh√¥ng ng·ªß,Thu Trang,"Th·ª±c ra th√¨ belong with c√≥ nghƒ©a l√† ""x·ª©ng ƒë√¥i v·ª´a l·ª©a"", nh∆∞ng √≠t ng∆∞·ªùi d√πng =)))) N√™n b√†i ki·ªÉm tra to√†n belong to th√¥iiiii",,,,ƒê·∫°t,Duy·ªát,,
2024/03/31,FP - Ki·∫øn kh√¥ng ng·ªß,Thu Trang,C√∫ l·ª´a ƒë·∫ßu ƒë·ªùi c·ªßa h·ªôi h·ªçc ti·∫øng Anh,https://scontent.fhan14-4.fna.fbcdn.net/v/t1.15752-9/434267815_398513799792169_4587720055228782184_n.jpg?_nc_cat=102&ccb=1-7&_nc_sid=5f2048&_nc_eui2=AeGuLc5Xjhip_imNFYDt0Fj6d8GpS0vITl53walLS8hOXhOkMtc90ced20Mspch8Z1AfKtsGYTYdXp0bOVszewK-&_nc_ohc=6GJmak_qjsgAb6hzeSJ&_nc_ht=scontent.fhan14-4.fna&oh=03_AdXHbNFEgeH6WDI3E5rtNqIMy7Br0aWRjM1HtWzHRLKkmw&oe=66351F6F ,,,ƒê·∫°t,Duy·ªát,,
2024/03/30,FP - Ki·∫øn kh√¥ng ng·ªß,Thu Trang,Top 1 app nghe nh·∫°c (trong l√≤ng t√¥i) ü´∂üèª  Ch·ªâ c·∫ßn c√≥ youtube premium th√¨ youtube music c≈©ng l√† premium lu√¥n qu√° ti·ªán mua 1 ƒë∆∞·ª£c 2 üò≠,https://scontent.fhan14-3.fna.fbcdn.net/v/t1.15752-9/434302601_1139660497156453_2195079876610470049_n.jpg?_nc_cat=110&ccb=1-7&_nc_sid=5f2048&_nc_eui2=AeF8wrXdmdyLhYryHt8KOBkcWiyC2Et7yXhaLILYS3vJeNN7HxEESNh8YSgs9xhvW53md0TZ-EyfolGJim32BVUJ&_nc_ohc=rqih86soc_cAb7rYJVS&_nc_ht=scontent.fhan14-3.fna&oh=03_AdVf4kpwrXFlprZB6LTKacYWyYFjHZGhKB26CUNl9ghbPA&oe=66351BF6 ,,,B√°ch,Duy·ªát,,
2024/03/30,FP - Ki·∫øn kh√¥ng ng·ªß,Huyy Anh,Anh ·∫•y Italy flag üáÆüáπ,https://scontent.fhan14-5.fna.fbcdn.net/v/t1.15752-9/434122068_2042951119421256_5480920421225574503_n.png?_nc_cat=106&ccb=1-7&_nc_sid=5f2048&_nc_eui2=AeGLpHlkXgW3Fps71jz9cANjghaWv5RA24aCFpa_lEDbhoGxk1G17B-0NTLglkD3q2_gchy7ScJuYcJpgbY_ZOt_&_nc_ohc=NqcJH3PWiKkAb66I2Ji&_nc_ht=scontent.fhan14-5.fna&oh=03_AdW45OF1LIw-gKstuzcSgqtj_0jnF0GbseDV2CybxFZWOw&oe=6635137A ,,,B√°ch,Duy·ªát,,
2024/03/30,FP - Ki·∫øn kh√¥ng ng·ªß,Huyy Anh,https://www.facebook.com/kienkhongngu.vn/posts/pfbid0aAxX3ybEjspHC4jptgrLPonh6tsTyxtP2o65qmaznwAHwTePMuzM4CoMu4FDGjMVl,,,https://www.facebook.com/kienkhongngu.vn/posts/pfbid02dg6DeMyaxAh1StcJSmhusbSofnj8fiEpJ9ntX1G8nTjbvqjHkxAr63ooopdVNLkJl,ƒê·∫°t,Duy·ªát,,
2024/03/30,FP - Ki·∫øn kh√¥ng ng·ªß,Huyy Anh,"Con trai c√≥ chuy·ªán g√¨ c≈©ng ng·∫°i chia s·∫ª, v√¨ th∆∞·ªùng ng∆∞·ªùi ta s·∫Ω coi nh∆∞ th·∫ø l√† ""y·∫øu ƒëu·ªëi"" k√®m th√™m m·∫•y c√¢u nh∆∞ ""m√†y ƒë√†n √¥ng m√†..."" ü§°   - Ki·∫øn Psycho -",https://scontent.fhan14-3.fna.fbcdn.net/v/t1.15752-9/434162206_1068657710887741_8926002434026570459_n.png?_nc_cat=111&ccb=1-7&_nc_sid=5f2048&_nc_eui2=AeHkSkidr1ZjZE9qJNpkCSAHfXeaxD1qX359d5rEPWpffhx4LODbat1E1Nvkh0S2mBZKcvUXw7VvnFQ24_tGZA8R&_nc_ohc=PFof85WUx70Ab5sG6lJ&_nc_ht=scontent.fhan14-3.fna&oh=03_AdWgOsTy1zSBvdSHOvmYpttc6Kr3Sg22W5TFqGoILW2XLQ&oe=66352630 ,,,ƒê·∫°t,Duy·ªát,,
2024/03/30,FP - Ki·∫øn kh√¥ng ng·ªß,Huyy Anh,"""em s·∫Ω l√† m·ªôt b√† m·∫π ƒë∆°n th√¢n tuy·ªát v·ªùi ƒë·∫•y""",https://scontent.fhan14-3.fna.fbcdn.net/v/t1.15752-9/434168014_1601493810585545_2272831446265575140_n.png?_nc_cat=110&ccb=1-7&_nc_sid=5f2048&_nc_eui2=AeFGWww7ddcgfwxl6XHT0vMv_svnrQUnMkT-y-etBScyROc7712idgY18xq-TGy7X6aoXJx5h7_ADlcnJL_MGWzc&_nc_ohc=SF43EC2BjKsAb5cuoiE&_nc_ht=scontent.fhan14-3.fna&oh=03_AdVPIs-gsMk_aWgzzF0j2q3ImWFL7KhebvH6OwZHmhBP-Q&oe=663500B7 ,,,B√°ch,Duy·ªát,,
2024/03/30,FP - Ki·∫øn kh√¥ng ng·ªß,Huyy Anh,"N·∫æU C√ì D·ªäP ƒêI NH·∫¨T, H√ÉY T·ªöI ƒê√ÇY üëç

Ng∆∞·ªùi Nh·∫≠t (v√† c√≥ l·∫Ω l√† c·∫£ th·∫ø gi·ªõi) r·∫•t th√≠ch m·∫•y con Capybara - chu·ªôt lang n∆∞·ªõc - B·ªô tr∆∞·ªüng B·ªô Ngo·∫°i Giao. 

·ªû Tokyo, Nh·∫≠t B·∫£n c√≥ c√°c qu√°n Cafe Capybara. N∆°i ƒë√¢y c≈©ng nh∆∞ cafe m√®o, kh√°c c√°i l√† c√≥ c·∫£ th√™m m·∫•y c·∫≠u Chu·ªôt Lang N∆∞·ªõc ƒë·ªÉ b·∫°n vu·ªët ve, ch·ª•p ·∫£nh c√πng ch√∫ng ‚ù§ 

V√† c√°c B·ªô tr∆∞·ªüng ƒë·ªÅu c√≥ c·∫∑p c√≥ ƒë√¥i n√™n s·∫Ω kh√¥ng c·∫£m th·∫•y c√¥ ƒë∆°n ƒë√¢u ü•∞

- Ki·∫øn Lang Thang -","https://scontent.fhan14-1.fna.fbcdn.net/v/t1.15752-9/434437247_7681551478543072_1598522230900322682_n.png?_nc_cat=101&ccb=1-7&_nc_sid=5f2048&_nc_eui2=AeEB0_gJiSNI32swEMkTtbAdE1XS7MhzMfUTVdLsyHMx9aEegBFSGf-TiPZjBfgh6rHf6PqphmhAEDodvNCsErd3&_nc_ohc=1mKUt1uGwAMAb7AVBSM&_nc_ht=scontent.fhan14-1.fna&oh=03_AdVGoBgvW1pDBzpCJooTq9yH8TOUGOoaoDihtk9_6NWEjg&oe=6635259C 
https://scontent.fhan14-1.fna.fbcdn.net/v/t1.15752-9/370288034_1770778880050724_4171174201721033962_n.png?_nc_cat=105&ccb=1-7&_nc_sid=5f2048&_nc_eui2=AeEPQCZNOfDbeT4k4dJhE43eRZ0NdpMPQmlFnQ12kw9CaTzsAEQfOU1LqAqMYkSXKtd6AEKGpagF-5kpHrziyTgu&_nc_ohc=3I7nhYdIwLQAb6jfHNT&_nc_ht=scontent.fhan14-1.fna&oh=03_AdVF5D0oqj1VxdxeOaXDioTImmABZ01U7J8AYz2ZF7WTlA&oe=663524E0 ",,,B√°ch,Duy·ªát,,
2024/03/30,FP - Ki·∫øn kh√¥ng ng·ªß,Thu Trang,"3 b√†i h·ªçc r√∫t ra sau v·ª• Han So Hee - Hyeri - Ryu Jun Yeol:  - Y√™u ƒë∆∞∆°ng/chia tay c·∫ßn c√≥ l·ªùi r√µ r√†ng, c√¥ng khai - Ng∆∞·ªùi s·ªìn s·ªìn l√™n s·∫Ω nh·∫≠n nhi·ªÅu ch·ªâ tr√≠ch h∆°n (d√π ƒë√∫ng hay sai) - N·∫øu c√≥ th·ªÉ l√†m ng∆∞·ªùi th√¨ ƒë·ª´ng l√†m h·∫øn",,,,B√°ch,Duy·ªát,,
2024/03/30,FP - Ki·∫øn kh√¥ng ng·ªß,Thu Trang,https://www.facebook.com/share/p/BfFabBLBPUJD5s6m/?mibextid=WC7FNe,,,,B√°ch,Duy·ªát,,
2024/03/30,FP - Ki·∫øn kh√¥ng ng·ªß,Thu Trang,https://www.facebook.com/share/p/x6N8WTdj78go3C2S/?mibextid=WC7FNe,,,https://www.facebook.com/kienkhongngu.vn/posts/pfbid02PgYrb6uEQ9f4Jkz2HVnAYrJR3oLvksCStyKitu64GiL7i4AynnxnAwuiUicVvrZVl,B√°ch,Duy·ªát,,
2024/03/30,FP - Ki·∫øn kh√¥ng ng·ªß,Thu Trang,https://www.facebook.com/share/UCe9XcU7AWU7FKHa/?mibextid=WC7FNe,,,,B√°ch,Duy·ªát,,
2024/03/30,FP - Ki·∫øn kh√¥ng ng·ªß,Huyy Anh,"Nhi·ªÅu ng∆∞·ªùi: ""d·ªì √¥i m·∫•y c√°i ƒë·ªì Apple ch·ªâ c√≥ c√°i m√£, x√†i ch·∫≥ng b·ªÅn...""   C≈©ng l√† ƒë·ªì c·ªßa Apple:   - Ki·∫øn Th∆∞∆°ng Hi·ªáu -",https://scontent.fhan14-3.fna.fbcdn.net/v/t1.15752-9/434113745_949166736589000_6758860559209724938_n.png?_nc_cat=111&ccb=1-7&_nc_sid=5f2048&_nc_eui2=AeGPvcciMRlaJLTuKUEUdKI_MKYiBN2QPi4wpiIE3ZA-Lvn-J2BwmuRsadb4LF3E_jbUW7Egle082DNppW1RxlAm&_nc_ohc=Crvs685OyfsAb6liA3l&_nc_ht=scontent.fhan14-3.fna&oh=03_AdU5EFqLWmmjJkhcP6GPeB3RvNEUQxUz873A8ZkLqew-hw&oe=66350B64 ,,,B√°ch,Duy·ªát,,
2024/03/30,FP - Ki·∫øn kh√¥ng ng·ªß,Huyy Anh,Gia Huy! L√† c·∫≠u ƒë·∫•y ∆∞?,,https://video.fhan14-2.fna.fbcdn.net/v/t42.3356-2/434679940_6079380375520291_2284690163819115464_n.mp4?_nc_cat=108&ccb=1-7&_nc_sid=4f86bc&_nc_eui2=AeEmbjlWtHMqTSeyfnIKzudEzHb9f4PJsTjMdv1_g8mxOLSVflq04fLuITF-JhdlWibw2AfH8u0UkzAFwGkUKQoT&_nc_ohc=by4oZjwwVJ0Ab5EmVsp&_nc_ht=video.fhan14-2.fna&oh=03_AdVqtwNNTj3INJriU_GYHsFyDuunBVH3gzVEg9am3DRv1g&oe=660F82A5&dl=1 ,,B√°ch,Duy·ªát,,
2024/03/30,FP - Ki·∫øn kh√¥ng ng·ªß,Thu Trang,H√£y chia s·∫ª m·ªôt tip h·ªØu √≠ch trong cu·ªôc s·ªëng m√† b·∫°n nghƒ© √≠t ng∆∞·ªùi bi·∫øt,,,,B√°ch,Duy·ªát,,
2024/03/30,FP - Ki·∫øn kh√¥ng ng·ªß,Thu Trang,"Ng∆∞·ªùi n·∫∑ng v√≠a.  Ng∆∞·ªùi ta hay n√≥i tr√™n ƒë·ªùi c√≥ hai lo·∫°i ng∆∞·ªùi. Ng∆∞·ªùi ƒÉn h√†nh v√† ng∆∞·ªùi kh√¥ng ƒÉn h√†nh. Ng∆∞·ªùi d√πng IOS v√† ng∆∞·ªùi d√πng Android. Ng∆∞·ªùi h∆∞·ªõng n·ªôi v√† ng∆∞·ªùi h∆∞·ªõng ngo·∫°i,...  Tuy nhi√™n, ch∆∞a ai n√≥i ƒë·∫øn ng∆∞·ªùi m√°t v√≠a v√† ng∆∞·ªùi n·∫∑ng v√≠a.   N·∫øu thay gi·∫£i Hoa h·∫≠u ho√†n v≈© th√†nh Hoa h·∫≠u n·∫∑ng v√≠a, Ki·∫øn Ti·ªÅm s·∫Ω ƒëƒÉng quang ng√¥i v·ªã cao nh·∫•t.   Ki·∫øn Ti·ªÅm t√™n l√† Linh Ph∆∞∆°ng, nƒÉm nay 1x tu·ªïi. M·∫∑t m≈©i thanh t√∫ d·ªÖ nh√¨n, lu√¥n t∆∞∆°i c∆∞·ªùi vui v·∫ª. Tuy nhi√™n ·∫©n sau ƒë√≥ l√† m·ªôt c√°i v√≠a n·∫∑ng h∆°n c·∫£ osmi - kim lo·∫°i n·∫∑ng nh·∫•t th·∫ø gi·ªõi.   Th·∫ø r·ªìi Ki·∫øn Ti·ªÅm xin ƒëi l√†m part time ki·∫øm th√™m thu nh·∫≠p ·ªü m·ªôt qu√°n b√°n ch√≠p ch√≠p ·ªü d∆∞·ªõi H√† ƒê√¥ng.   L√Ω do r·∫•t ƒë∆°n gi·∫£n: N√≥ c√≥ th·ªÉ th·ªânh tho·∫£ng th√≥ 1 c√°i b·ªè m·ªìm m√† kh√¥ng ai bi·∫øt.   Th·∫ø r·ªìi ƒëi l√†m ƒë∆∞·ª£c hai tu·∫ßn r·ªìi nh∆∞ng chs c·ª© ƒë·∫øn ca c·ªßa n√≥ th√¨ kh√°ch c·ª© s·ªßi ƒë√¢u m·∫•t h·∫øt???  Th·∫≠m ch√≠ c√≥ kh√°ch d·ª±ng xe r·ªìi, th·∫•y n√≥ l√≤ d√≤ ƒë·∫øn thay ca th√¨ l·∫°i quay xe v·ªÅ lu√¥n th·∫ø m·ªõi l·∫° loz!!!???  ƒê·ªânh ƒëi·ªÉm l√† c√≥ l·∫ßn kh√°ch ƒëang thanh to√°n r·ªìi, th·∫•y c√°i m·∫∑t n√≥ th√≤ v√†o, kh√°ch ƒë·ªôt nhi√™n th·∫£ t√∫i k·∫πo xu·ªëng b·∫£o th√¥i ƒë·ªïi √Ω kh√¥ng mua n·ªØa???  Ba ng√†y ƒë·∫ßu th√¨ ch·ªß ch∆∞a nh·∫≠n ra n√™n kh√¥ng n√≥i g√¨, nh∆∞ng ƒë·∫øn ng√†y th·ª© 4 th√¨ h√¨nh nh∆∞ h·ªç ƒë√£ nh·∫≠n ra c√≥ g√¨ ƒë√≥ kh√¥ng ƒë√∫ng. L√† v√≠a con n√†y t·ªãt zcl!   Tr∆∞·ªõc nguy c∆° b·ªã t·ªëng c·ªï, Ki·∫øn Ti·ªÅm nƒÉn n·ªâ m·ªçi ng∆∞·ªùi gi√∫p em mua 1 ch√∫t k·∫πo d·∫ªo cho gh·ªá, cho v·ª£, cho ch·ªìng,...ƒë·ªÉ em kh√¥ng b·ªã ƒëu·ªïi vi·ªác v·ªõi ·∫° ü•≤  Kh√¥ng c·∫ßn qua t·∫≠n H√† ƒê√¥ng, em c√≥ x·ªôp pi d∆∞·ªõi comment ·∫° ü•πü•πü•π  - Ki·∫øn Ti·ªÅm -",https://scontent.fhan14-1.fna.fbcdn.net/v/t1.15752-9/434320869_381496574693208_1754272112707622813_n.jpg?_nc_cat=101&ccb=1-7&_nc_sid=5f2048&_nc_eui2=AeHSNu3DRQdPTWjUB5RT9HWGLQIjrZh1HwgtAiOtmHUfCNCHIAsXvjGnr9XUdnaugNXLUEVaLRG2FK3A-I2TEL9l&_nc_ohc=NhmEyAP1TrMAb4REUSC&_nc_ht=scontent.fhan14-1.fna&oh=03_AdUE0LCwFU-9AaDxfkmSfi0WmPOUuzZUQdFTOjlR8TBlgw&oe=6634FBC3 ,,,ƒê·∫°t,Duy·ªát,,
2024/03/30,FP - Ki·∫øn kh√¥ng ng·ªß,Huyy Anh,M·ªói ng√†y 1 b·ª©c ·∫£nh ng·∫ßu l√≤i...: M·ªôt c·∫∑p ƒë√¥i ƒëi ch·ª•p ·∫£nh c∆∞·ªõi ·ªü Ph√∫ Y√™n th√¨ v√¥ t√¨nh th·∫•y L·ªÖ Th∆∞·ª£ng C·ªù c·ªßa gi·∫£i Marathon Ti·ªÅn Phong üáªüá≥   ·∫¢nh: Ho√†ng Anh  - Ki·∫øn Lang Thang,https://scontent.fhan14-1.fna.fbcdn.net/v/t1.15752-9/432903403_1599220467496599_5987711957114456366_n.jpg?_nc_cat=105&ccb=1-7&_nc_sid=5f2048&_nc_eui2=AeF-eLggq1KZCJV0O6Sv7yw0OHVpoGtiyH04dWmga2LIfRYibN_PXxNEtHfw0fJRiq8VNGOAxEO1PJWfM91WBKeb&_nc_ohc=ryZVLEczOYwAb6za_7R&_nc_ht=scontent.fhan14-1.fna&oh=03_AdXiN1tyO06N0DVinpWnAJi20B7XpxJR2UyGSFyZemokVw&oe=66352285 ,,,ƒê·∫°t,Duy·ªát,,
2024/03/30,FP - Ki·∫øn kh√¥ng ng·ªß,Thu Trang,7 tu·ªïi ƒë·ªùi nh∆∞ng 70 nƒÉm tu·ªïi tr·∫£i nghi·ªám ‚ú®,https://scontent.fhan14-2.fna.fbcdn.net/v/t1.15752-9/384539354_1305091266779087_205065217154305699_n.jpg?_nc_cat=100&ccb=1-7&_nc_sid=5f2048&_nc_eui2=AeH45s121ntcz3yr09yCfgIyF9Rbd32LNjUX1Ft3fYs2NUbDHKRRLOpiSihbdJyZhQ7Jv22tFAFe6qIooJycugae&_nc_ohc=yWpY2ZBw4_AAb6RupOb&_nc_ht=scontent.fhan14-2.fna&oh=03_AdV7rZiO9j4J_flQre_HghoVWfvn1gQu4gNYeHQWQpvkMg&oe=66352A9C ,,,ƒê·∫°t,Duy·ªát,,
2024/03/29,FP - Ki·∫øn kh√¥ng ng·ªß,Huyy Anh,"Kh√¥ng ai c·∫£:   Phim Vi·ªát Nam: Qu·ª∑ c·∫©u, Qu·ª∑ m√®o, Qu·ª∑ c√°i  ü•≤  - Ki·∫øn ƒêi·ªán ·∫¢nh -",,,,B√°ch,Duy·ªát,,
2024/03/29,FP - Ki·∫øn kh√¥ng ng·ªß,Thu Trang,T√≥m t·∫Øt nhanh Romeo & Juliet,https://scontent.fhan14-2.fna.fbcdn.net/v/t1.15752-9/434243129_960517981700008_5812353808230977624_n.jpg?_nc_cat=100&ccb=1-7&_nc_sid=5f2048&_nc_eui2=AeFp60wsc5S6DImrodX4zlVQ8b7ldGBy7bbxvuV0YHLttkxvIm6r-MEA41c4e0toSgeZNTpW94nRoIkt1oIK2QKO&_nc_ohc=3p8NUyF-BmkAb4AeV13&_nc_ht=scontent.fhan14-2.fna&oh=03_AdXqtUYW1hEpNFAiLr9MgCREmspiCFl7Mpz1cJgRqzQYzg&oe=663515F7 ,,,B√°ch,Duy·ªát,,
2024/03/29,FP - Ki·∫øn kh√¥ng ng·ªß,Thu Trang,Tom ∆°i =))))))))))),https://scontent.fhan14-3.fna.fbcdn.net/v/t1.15752-9/434372606_398511679790657_4343305028967839085_n.jpg?_nc_cat=111&ccb=1-7&_nc_sid=5f2048&_nc_eui2=AeFO72xmvtgtDBi6qr8ef62Cfv5WBGExssp-_lYEYTGyyhfq2AtQEtProf80UAGJQDAbebHfPry4k-gUBERPpwLz&_nc_ohc=07n4Gy0Vtl4Ab64tWgo&_nc_oc=Adix5texf3ugETpga_t2fb855PozuPtglZxNXu9lYFOGKjjIcwtn9wya7H_hvd46lb9-OQ-fHiPgfnAxUDjEQoYQ&_nc_ht=scontent.fhan14-3.fna&oh=03_AdWeEP9k6tz_WTkYSRIkiDAgJDD6fgfPieABuBw0sq38ag&oe=66352896 ,,,B√°ch,Duy·ªát,,
2024/03/29,FP - Ki·∫øn kh√¥ng ng·ªß,Thu Trang,"Phim hot ""Mu√¥n v·ªã nh√¢n gian"" c·ªßa ƒë·∫°o di·ªÖn Tr·∫ßn Anh H√πng c√≥ c√°i c·∫£nh n√†y.   M·ªçi ng∆∞·ªùi l·∫•y khƒÉn che ƒë·∫ßu l·∫°i ƒë·ªÉ ƒÉn. T·∫°i sao l·∫°i nh∆∞ v·∫≠y?   Th√¨ l√Ω do n·∫±m ·ªü c√°i m√≥n m√† h·ªç ƒÉn. Chim ho·∫° mi n∆∞·ªõng. M√≥n ƒÉn xa x·ªâ, qu√Ω t·ªôc v√† ƒë·∫ßy tai ti·∫øng.   Nh·ªØng con chim h·ªça mi ph·∫£i ƒë∆∞·ª£c v·ªó b√©o (nh∆∞ m√≥n gan ng·ªóng) l√™n g·∫•p 2 ƒë·∫øn 4 l·∫ßn so v·ªõi b√¨nh th∆∞·ªùng.   Sau khi ƒë√£ ƒë∆∞·ª£c v·ªó b√©o ƒë·ªß, ng∆∞·ªùi ta s·∫Ω d/√¨/m ng·∫≠p con chim trong r∆∞·ª£u Armagnac ƒë·ªÉ ch√∫ng ch·∫øc t·ª´ t·ª´.  Qu√° tr√¨nh n√†y khi·∫øn cho nh·ªØng th·ªõ th·ªãt chim ng·∫•m d·∫ßn v·ªã ng·ªçt c·ªßa r∆∞·ª£u v√† l·ªõp da chuy·ªÉn sang m√†u v√†ng √¥ liu. Sau ƒë√≥ th√™m gia v·ªã v√† ƒëem n∆∞·ªõng trong 6-8 ph√∫t l√† xong.  ƒê·ªëi v·ªõi m√≥n chim h·ªça mi th∆∞·ª£ng h·∫°ng, vi·ªác th∆∞·ªüng th·ª©c c≈©ng l√† qu√° tr√¨nh ƒë∆∞·ª£c ti·∫øn h√†nh nh∆∞ m·ªôt nghi l·ªÖ. Th·ª±c kh√°ch kh√¥ng c·∫Øt th·ªãt chim ra th√†nh mi·∫øng nh·ªè v√† d√πng dao dƒ©a nh∆∞ th√¥ng th∆∞·ªùng. Theo truy·ªÅn th·ªëng, m·ªói ng∆∞·ªùi ph·∫£i d√πng m·ªôt chi·∫øc khƒÉn m√†u tr·∫Øng tr√πm k√≠n ƒë·∫ßu, sau ƒë√≥ b·ªè c·∫£ con chim v√†o mi·ªáng sao cho ph·∫ßn ƒë·∫ßu h∆∞·ªõng ra ngo√†i r·ªìi nhai t·ª´ t·ª´ t·∫•t c·∫£ c√°c ph·∫ßn t·ª´ ch√¢n cho ƒë·∫øn x∆∞∆°ng, ch·ªâ b·ªè l·∫°i ƒë·∫ßu. Vi·ªác tr√πm khƒÉn m·ªôt ph·∫ßn ƒë·ªÉ khi·∫øn cho ng∆∞·ªùi ƒÉn kh√¥ng c·∫£m th·∫•y x·∫•u h·ªï v·ªõi nh·ªØng ng∆∞·ªùi xung quanh, nh∆∞ng h∆°n h·∫øt l√† v√¨ ng∆∞·ªùi ta tin r·∫±ng vi·ªác l√†m n√†y gi√∫p h·ªç l·∫©n tr·ªën kh·ªèi √°nh m·∫Øt c·ªßa Ch√∫a khi ƒÉn th·ªãt sinh linh b√© nh·ªè v√† xinh ƒë·∫πp.",https://scontent.fhan14-2.fna.fbcdn.net/v/t1.15752-9/434245830_733097565321620_1103018834224982469_n.jpg?_nc_cat=108&ccb=1-7&_nc_sid=5f2048&_nc_eui2=AeEy62vpJjzSxNSzUPulBk7sLuS5pf5guwIu5Lml_mC7AmDpqTMdg74hEP8w-75PazqKHL91FAU_BQcIfSqQ76b5&_nc_ohc=BojgjwIxbJ4Ab6CZr9H&_nc_ht=scontent.fhan14-2.fna&oh=03_AdVeQrsF2wvRtguIFtTf7YRk9FNw-e9bANrrW9hXPxBfoA&oe=663529BD ,,,ƒê·∫°t,S·ª≠a/ x√≥a b√†i,Cho ph·∫ßn t·∫£ gi·∫øt con chim xu·ªëng cmt,N·ªôi dung b·∫°o l·ª±c v√† ph·∫£n c·∫£m
2024/03/29,FP - Ki·∫øn kh√¥ng ng·ªß,Huyy Anh,"C√°ch ph√≤ng gym c√≥ doanh thu:  ‚ùé ƒë·ªì u·ªëng, th·ª±c ph·∫©m ch·ª©c nƒÉng ‚ùé PT ‚ùé kh√°ch ƒëƒÉng k√Ω t·∫≠p ‚úÖ kh√°ch ƒëƒÉng k√Ω xong kh√¥ng t·∫≠p",,,,ƒê·∫°t,Duy·ªát,,
2024/03/29,FP - Ki·∫øn kh√¥ng ng·ªß,Huyy Anh,"ƒê·ª™NG V·ªòI CH·ª§P ·∫¢NH üì∏  ""Khi anh t·ªõi b·∫£o t√†ng, t·ªõi b·ª©c tranh m√† anh r·∫•t th√≠ch, vi·ªác ƒë·∫ßu ti√™n anh l√†m l√† l·∫•y ƒëi·ªán tho·∫°i ra ch·ª•p.  M·ªôt c·ª• b√† ng∆∞·ªùi √ù ·ªü c·∫°nh m·ªõi nh·∫Øc nh·ªü anh 'M√†y c√≥ th·ªÉ t√¨m th·∫•y ·∫£nh c·ªßa b·ª©c tranh n√†y tr√™n m·∫°ng, c√≥ th·ªÉ xem n√≥ m·ªçi n∆°i, l√∫c n√†o c≈©ng ƒë∆∞·ª£c. V·∫≠y m√† khi ƒë√£ t·ªõi ƒë√¢y r·ªìi, t·∫°i sao m√†y l·∫°i ch·ª•p ·∫£nh n√≥ h√£y ng·∫Øm nh√¨n n√≥ tr∆∞·ªõc ƒëi ƒë√£...'""   Anh Tr∆∞∆°ng Anh Ng·ªçc chia s·∫ª th√™m, c√°i c·∫£m gi√°c ƒë·∫ßu ti√™n khi b·∫°n t·ªõi ƒë√¢u ƒë√≥, c√°i c·∫£m nh·∫≠n ƒë·∫ßu ti√™n ƒë√≥ l√† c√°i s·∫Ω ƒë∆∞·ª£c b·∫£n th√¢n ghi nh·ªõ su·ªët ƒë·ªùi. N√™n ƒë·ª´ng v·ªôi ch·ª•p ·∫£nh, c·ª© ng·∫Øm nh√¨n, h√≠t th·ªü kh√¥ng kh√≠ ƒë√£... üòÆ‚Äçüí®  #BEATNetwork #ABeatofLife",https://scontent.fhan14-5.fna.fbcdn.net/v/t1.15752-9/434092371_1457555491554773_2309239352580377616_n.png?_nc_cat=104&ccb=1-7&_nc_sid=5f2048&_nc_eui2=AeFZnSZ1hIhlelOz8SuV8-hRsdoq1ql08Rix2irWqXTxGFqyn3htngUNbUAK7vsn4JEHwle7WR1-eZm-k_0TbWvR&_nc_ohc=yWBjQa0R5eYAb7F4KPl&_nc_ht=scontent.fhan14-5.fna&oh=03_AdWnSnGNyui16gs76pIKdCOvfu8fcnILwjQKhEe7dZ4PtQ&oe=6634F9CB ,,,B√°ch,Duy·ªát,,
2024/03/29,FP - Ki·∫øn kh√¥ng ng·ªß,Huyy Anh,M·ªói ng√†y 1 b·ª©c ·∫£nh ng·∫ßu l√≤i: b√† c·ª• ng∆∞·ªùi Canada th·∫•t l·∫°c nh·∫´n ƒë√≠nh h√¥n kim c∆∞∆°ng c·ªßa m√¨nh khi ƒëang l√†m n√¥ng. 13 nƒÉm sau c√≥ c·ªß c√† r·ªët m·ªçc l√™n v√† mang theo c√°i nh·∫´n ƒë·∫•y ü•ïüíç,https://scontent.fhan14-5.fna.fbcdn.net/v/t1.15752-9/434136709_717272240554047_8067441384584722169_n.png?_nc_cat=106&ccb=1-7&_nc_sid=5f2048&_nc_eui2=AeGDZoNPRW0CYJLlNsFXmwAHGhnQhuvCymIaGdCG68LKYp0N3fSeLYozwRP8Dk5fIPTC2EUPsm2jVn0SyRHulAdh&_nc_ohc=Lj6eexFqB-wAb4lnwr4&_nc_ht=scontent.fhan14-5.fna&oh=03_AdV-WY2xigIZ-Zyd-hxwSPlyR7O3T_-PxQi6wRsYXhYSMQ&oe=663526DF ,,,ƒê·∫°t,Duy·ªát,,
2024/03/29,FP - Ki·∫øn kh√¥ng ng·ªß,Huyy Anh,"N·ªÆ H√ìI TH√å SAO ·∫†  ü•≤ ?   M·ªõi ƒë√¢y Burger King ·ªü Brazil ƒë√£ c√≥ qu·∫£ mkt ƒë·ªôc l·∫° n√†y. Chi·∫øn d·ªãch mang t√™n ""Calvo Drive-Thru"" (t·∫°m d·ªãch: H√≥i Mang ƒêi) ƒëang di·ªÖn ra trong cu·ªëi tu·∫ßn n√†y v·ªõi n·ªôi dung r·∫•t d·ªÖ hi·ªÉu: b·∫°n l√† nam, t·ªõi c·ª≠a h√†ng Burger King, show c√°i ƒë·∫ßu h√≥i l√† ƒë∆∞·ª£c t·∫∑ng 1 c√°i burger b√≤ Whopper mi·ªÖn ph√≠  ü•≤üçî   H√≥i kh√¥ng ch·ªâ ·ªü ƒë·ªânh ƒë·∫ßu m√† h√≥i ch·ªØ U (tr∆∞·ªõc tr√°n), h√≥i ch·ªØ M (2 b√™n) c≈©ng ƒë∆∞·ª£c, m√† tr·ªçc lu√¥n c√†ng t·ªët üëç   - Ki·∫øn Th∆∞∆°ng Hi·ªáu -",https://scontent.fhan14-2.fna.fbcdn.net/v/t1.15752-9/434143724_1140669093599886_3999144592502807227_n.png?_nc_cat=100&ccb=1-7&_nc_sid=5f2048&_nc_eui2=AeEATTH00OKtnYrm310UIKPCRfYmEdolwSRF9iYR2iXBJKLi9zrp6sILQdrxaKyeYbNExOlqIqZGpZQXE4Xq6nGA&_nc_ohc=AeyjLKxHwnYAb5f_x8k&_nc_ht=scontent.fhan14-2.fna&oh=03_AdVaULx2xwbuHmby6ud5_zG27_AW3eeIcY-eUTvGoYN4cw&oe=66350616 ,,,B√°ch,Duy·ªát,,
2024/03/29,FP - Ki·∫øn kh√¥ng ng·ªß,Huyy Anh, ,,https://video.fhan14-4.fna.fbcdn.net/v/t42.3356-2/434447154_25166254579684698_2915035434977305768_n.mp4?_nc_cat=102&ccb=1-7&_nc_sid=4f86bc&_nc_eui2=AeGq94DmHLneOxszjpDo2xEJAPUcAnMPP9AA9RwCcw8_0DQQ6V5Q6HThZkfl2XzMs8Tp4prDXvGILr209wD_n1AH&_nc_ohc=xYnwjm4mD2MAb4HFGzl&_nc_ht=video.fhan14-4.fna&oh=03_AdWrvBLKzk13UXs01w9SJlwYc5PxCQ9wXtwHAJKhnyQgdA&oe=660F950B&dl=1 ,,B√°ch,Duy·ªát,,
2024/03/29,FP - Ki·∫øn kh√¥ng ng·ªß,Huyy Anh,"Nh√¨n ph√°t l√† bi·∫øt con √¥ng ch√°u cha, ƒëi c·ª≠a sau ƒë·ªÉ ƒë∆∞·ª£c v√†o ng√†nh ü•≤ü•≤",,,,B√°ch,Duy·ªát,,
2024/03/29,FP - Ki·∫øn kh√¥ng ng·ªß,Thu Trang,Top 1 app n·∫øu kh√¥ng nhanh tay m·ªü k·ªãp l√∫c th√¨ h·∫øt ƒë·ªùi c≈©ng kh√¥ng ƒë∆∞·ª£c bi·∫øt,https://scontent.fhan14-1.fna.fbcdn.net/v/t1.15752-9/434297991_440002785264972_7632334464266596443_n.jpg?_nc_cat=107&ccb=1-7&_nc_sid=5f2048&_nc_eui2=AeEuYZi-XrWR-ESDY7c4N4o2rUXQmXhnTtetRdCZeGdO10pUIomdhXVC0TzLVIaemBDG6YUo1rfZf65TSMzl_jqe&_nc_ohc=_ILmQi_nFRUAX9ZNsyo&_nc_ht=scontent.fhan14-1.fna&oh=03_AdQhRnuVqKyMXnPArCheBYPcqPLHEisr8RKTDAQd5q3hlw&oe=662DC394 ,,,ƒê·∫°t,Duy·ªát,,
2024/03/29,FP - Ki·∫øn kh√¥ng ng·ªß,Huyy Anh,M·∫•y √¥ng ƒë√≠nh ƒë√° v√†o d√∫c d√≠ch c≈©ng c·∫©n th·∫≠n ƒë·∫•y... nh·∫Øn nh·ªß b·∫°n th√¢n khi tau h·∫πo th√¨ v√†o g·ª° h·ªô k·∫ªo con ch√°u l·∫°i t∆∞·ªüng l√† x√° l·ª£i ü•≤,,,,ƒê·∫°t,Duy·ªát,,
2024/03/29,FP - Ki·∫øn kh√¥ng ng·ªß,Thu Trang,"Con h·∫øn thu·ªôc lo√†i nhuy·ªÖn th·ªÉ c√≥ v·ªè hai m·∫£nh, s·ªëng ·ªü v√πng n∆∞·ªõc l·ª£ g·∫ßn c·ª≠a s√¥ng. Con h·∫øn c√≥ t√°c d·ª•ng t·ªët ƒë·ªëi v·ªõi tim m·∫°ch, c·ª• th·ªÉ l√† khi·∫øn c·∫£ ng∆∞·ªùi y√™u l·∫´n fan nh·ªìi m√°u c∆° tim. T√™n khoa h·ªçc c·ªßa lo√†i n√†y l√† üëáüèª (check comment)",,,,B√°ch,Duy·ªát,,
2024/03/29,FP - Ki·∫øn kh√¥ng ng·ªß,Thu Trang,ƒêang ch√¨m r·ªìi l·∫°i t·ª± ƒë√†o l√™n l√† sao h·∫£ ch·ªã Hee?,https://scontent.fhan14-1.fna.fbcdn.net/v/t1.15752-9/434317534_864960715319811_1544897019784979366_n.jpg?_nc_cat=101&ccb=1-7&_nc_sid=5f2048&_nc_eui2=AeHVCgMVCj4nnBvECHyWMXy3hqRZpZvIjwuGpFmlm8iPC5Ok8YHBq9LouKoT6fS64qIxXmFwN9LVJg3iwp3xUEv8&_nc_ohc=TlsujK4yz8sAX9thiBo&_nc_ht=scontent.fhan14-1.fna&oh=03_AdQn7j8CvPfAWBv4Hhlp77OzvkbctHU2lV_GIyPjPqgTJg&oe=662DEAB9 ,,,B√°ch,Duy·ªát,,
2024/03/29,FP - Ki·∫øn kh√¥ng ng·ªß,Huyy Anh,"ƒê·ªçc th·∫•y ngu·ªìn th√¨ k√™u Silicon kh√¥ng ph√¢n h·ªßy ƒë∆∞·ª£c, ngu·ªìn th√¨ k√™u t·∫ßm 500 nƒÉm üòµ‚Äçüí´",https://scontent.fhan14-2.fna.fbcdn.net/v/t1.15752-9/432583693_789504803079400_5194753437934071471_n.png?_nc_cat=108&ccb=1-7&_nc_sid=5f2048&_nc_eui2=AeF6X0s3kbn_PPOKTO_uvw7G5kNGWobLrYPmQ0Zahsutgwy7M2QQwfwwOpMtjaHaeWRyutvqrR_fYmL-Z5cHaEqF&_nc_ohc=GbIKXYqasDEAX9UgC0y&_nc_ht=scontent.fhan14-2.fna&oh=03_AdQ94wlhw-LLmFBQpzgxQnWiZnAVPq4fNQ3rvIjj_fEPow&oe=662DF7B2 ,,,B√°ch,Duy·ªát,,
2024/03/29,FP - Ki·∫øn kh√¥ng ng·ªß,Huyy Anh, ,https://scontent.fhan14-2.fna.fbcdn.net/v/t1.15752-9/431723894_947558506635450_2323623182493561919_n.png?_nc_cat=100&ccb=1-7&_nc_sid=5f2048&_nc_eui2=AeGjy2gcVdh4UFLaLAASNMzQ3OZkC2RUI5nc5mQLZFQjmS00v3aVN32zW_7RzBCTY9wvq2_M9gDn71NmEN3B_agG&_nc_ohc=r8t0nQEXi9YAX-SxhBx&_nc_ht=scontent.fhan14-2.fna&oh=03_AdS_X5nRTpRU0l6eXLg41SBM9I0fP7pGMN1ZOydCbiEQqA&oe=662DC4AE ,,,B√°ch,Duy·ªát,,
2024/03/28,FP - Ki·∫øn kh√¥ng ng·ªß,Huyy Anh,"1 ƒëi·ªÅu m√† ch·ªâ d√¢n trong ng√†nh/ngh·ªÅ c·ªßa b·∫°n m·ªõi bi·∫øt, c√≤n ng∆∞·ªùi ngo√†i th√¨ kh√¥ng?",,,,B√°ch,Duy·ªát,,
2024/03/28,FP - Ki·∫øn kh√¥ng ng·ªß,Huyy Anh,"Truy·ªÅn th√¥ng th∆∞·ªùng kh·∫Øc h·ªça ph·ª• n·ªØ gh√©c m·∫∑c ƒë·ªì b·ªã ""ƒë·ª•ng h√†ng"" v·ªõi ph·ª• n·ªØ kh√°c. V√† r·ªìi c√°i qu·∫ßn n√†y xu·∫•t hi·ªán:",https://scontent.fhan14-1.fna.fbcdn.net/v/t1.15752-9/434109685_3607241912848922_2520762823657668156_n.png?_nc_cat=101&ccb=1-7&_nc_sid=5f2048&_nc_eui2=AeGBFnOCr91UG3y7HMC7F6OpV63w95wFLpZXrfD3nAUulqgqZOWlS4fSazWAHs6eMZQ5yGMZosnpD3ThPJHjjE6C&_nc_ohc=9tOZeIssmr4AX_Ug7LQ&_nc_ht=scontent.fhan14-1.fna&oh=03_AdQSTyZK5Jy9JNdAESUTwGusPiswBB6C19FYrjWtFly5lA&oe=662DD0A8 ,,,ƒê·∫°t,Duy·ªát,,
2024/03/28,FP - Ki·∫øn kh√¥ng ng·ªß,Thu Trang,T√¥i khi ƒëang ƒëi th√¨ g·∫∑p ng∆∞·ªùi quen:,https://scontent.fhan14-5.fna.fbcdn.net/v/t1.15752-9/434259542_1644691116065542_1356669922100951014_n.jpg?_nc_cat=104&ccb=1-7&_nc_sid=5f2048&_nc_eui2=AeGjfOVXRd0EFwcVmlhLH2Z1kPdws-o3nBWQ93Cz6jecFXbwjZoHSISB8rOQHlr9PR4sXtviivrjzEgE8lvQOCh9&_nc_ohc=BzJqpoQUSGYAX-obzEo&_nc_ht=scontent.fhan14-5.fna&oh=03_AdTdsclgT1XpBmUDbX-j8MhiuMtu0rbYaixm4qgbCPkOng&oe=662DD465 ,,,ƒê·∫°t,Duy·ªát,,
2024/03/28,FP - Ki·∫øn kh√¥ng ng·ªß,Huyy Anh,"TH√îNG TIN S·ª∞ KI·ªÜN: üìå Th·ªùi gian: 13h30 - 17h30, Ch·ªß Nh·∫≠t, ng√†y 07/04/2024 üìå ƒê·ªãa ƒëi·ªÉm: Nh√† h√°t l·ªõn ƒê·∫°i h·ªçc VinUni, KƒêT Vinhomes Ocean Park, H√† N·ªôi üî• Gi√° v√© ch√≠nh th·ª©c (s·ªë l∆∞·ª£ng gi·ªõi h·∫°n): 199.000VNƒê/v√©  üìå ƒêƒÉng k√Ω ngay t·∫°i: https://bit.ly/TEDxVinUni2024-Tickets   Xuy√™n su·ªët s·ª± ki·ªán s·∫Ω l√† ph·∫ßn chia s·∫ª c·ªßa:  üé§Di·ªÖn gi·∫£ Duy ƒê√†o - Thi·∫øt k·∫ø t·ª´ b√™n trong: ƒêi t√¨m t√≠nh Ph·ªï qu√°t trong C√° t√≠nh üé§Di·ªÖn gi·∫£ Wray Buntine - Khi AI (tr√≠ tu·ªá nh√¢n t·∫°o) b∆∞·ªõc v√†o Y h·ªçc v√† Gi√°o d·ª•c üé§Di·ªÖn gi·∫£ Nguy·ªÖn VƒÉn Thanh - Ki·∫øn t·∫°o Th√†nh c√¥ng Xanh: Ngh·ªá thu·∫≠t ƒê·∫∑t m·ª•c ti√™u v√† k·∫ø ho·∫°ch üé§Di·ªÖn gi·∫£ Nguy·ªÖn Th√†nh Nguy√™n - Vi·∫øt l·∫°i Code: K·ª∑ nguy√™n m·ªõi c·ªßa K·ªπ thu·∫≠t di truy·ªÅn üé§Di·ªÖn gi·∫£ Gi√°p VƒÉn ƒê·∫°i - Blockchain: C√≥ n√™n minh b·∫°ch c·∫£m x√∫c? üé§Di·ªÖn gi·∫£ Ch√¢u B√πi - T·ªèa s√°ng t·ª´ b√™n trong: Tr√¢n tr·ªçng Ch√≠nh m√¨nh trong Qu√° kh·ª© üé§Di·ªÖn gi·∫£ Phan Ho√†ng Li√™n - Gi√° tr·ªã c·ªßa s·ª± ƒê∆°n thu·∫ßn v√† Ch√¢n th·ª±c",https://scontent.fhan14-3.fna.fbcdn.net/v/t1.15752-9/434129662_2152067178525645_4084589268865118087_n.png?stp=dst-png_p1080x2048&_nc_cat=110&ccb=1-7&_nc_sid=5f2048&_nc_eui2=AeF0zEan0yVooSS4E-nOMkpMw9AuxpRo5qrD0C7GlGjmqnRK9cLBpBBa59eEB8sx22bdH_5KXqnUMok8ZYzC0dTQ&_nc_ohc=wsRRNufycQAAX-0-kSS&_nc_ht=scontent.fhan14-3.fna&oh=03_AdRv1JmdKU6Q3Ybuaq6dD70Ds58Bmt8gKFBQJn-taZ8K6w&oe=662DF4F4 ,,,ƒê·∫°t,Duy·ªát,,
2024/03/28,FP - Ki·∫øn kh√¥ng ng·ªß,Huyy Anh,"üòé D√ÄN DI·ªÑN GI·∫¢ C·ª∞C ‚ÄúCH·∫§T‚Äù C·ª¶A TEDxVinUniversity 2024: The New Dawn üòé   Trong b·ªëi c·∫£nh m·ªôt nƒÉm 2023 ƒë·∫ßy bi·∫øn ƒë·ªông, th·∫ø gi·ªõi nh∆∞ m·ªôt b·ª©c tranh ƒëa s·∫Øc m√†u v·ªõi nh·ªØng n√©t v·∫Ω ƒë√°ng ch√∫ √Ω m√† tr√≠ tu·ªá nh√¢n t·∫°o, c√¥ng cu·ªôc chuy·ªÉn ƒë·ªïi xanh, nh·ªØng c∆°n b√£o ch/i·∫øn tr/anh, v√† b√≥ng t·ªëi c·ªßa suy tho√°i kinh t·∫ø v·∫Ω n√™n üòµ‚Äçüí´  Ch√∫ng ta - nh·ªØng ng∆∞·ªùi tr·∫ª - ƒë·ª©ng tr∆∞·ªõc nh·ªØng s·ª± chuy·ªÉn giao kh√¥ng ng·ª´ng ·∫•y, t·ª± h·ªèi, li·ªáu m·ªôt ""b√¨nh minh m·ªõi"" c√≥ ƒëang ch·ªù ƒë·ª£i ch√∫ng ta trong nƒÉm 2024 hay kh√¥ng? Li·ªáu ch√∫ng ta ƒë√£ s·∫µn s√†ng v√† ƒë·ªß m·∫°nh m·∫Ω ƒë·ªÉ m·ªü ra m·ªôt trang m·ªõi, n∆°i √°nh s√°ng c·ªßa tri th·ª©c v√† tinh th·∫ßn ƒë·ªïi m·ªõi s√°ng t·∫°o soi ƒë∆∞·ªùng?  üåû V·ªõi ch·ªß ƒë·ªÅ ""ùêìùê°ùêû ùêçùêûùê∞ ùêÉùêöùê∞ùêß"", ùêìùêÑùêÉùê±ùêïùê¢ùêßùêîùêßùê¢ùêØùêûùê´ùê¨ùê¢ùê≠ùê≤ ùüêùüéùüêùüí mang theo l·ªùi m·ªùi g·ªçi ƒë·∫ßy c·∫£m h·ª©ng ƒë·ªÉ m·ªói b·∫°n tr·∫ª b∆∞·ªõc ra kh·ªèi b√≥ng t·ªëi, ph√° v·ª° m·ªçi khu√¥n m·∫´u v√† c√πng nhau ch√†o ƒë√≥n m·ªôt ng√†y m·ªõi ƒë·∫ßy h·ª©a h·∫πn. Xuy√™n su·ªët s·ª± ki·ªán s·∫Ω l√† ph·∫ßn chia s·∫ª c·ªßa:  üé§Di·ªÖn gi·∫£ Duy ƒê√†o - Thi·∫øt k·∫ø t·ª´ b√™n trong: ƒêi t√¨m t√≠nh Ph·ªï qu√°t trong C√° t√≠nh üé§Di·ªÖn gi·∫£ Wray Buntine - Khi AI (tr√≠ tu·ªá nh√¢n t·∫°o) b∆∞·ªõc v√†o Y h·ªçc v√† Gi√°o d·ª•c üé§Di·ªÖn gi·∫£ Nguy·ªÖn VƒÉn Thanh - Ki·∫øn t·∫°o Th√†nh c√¥ng Xanh: Ngh·ªá thu·∫≠t ƒê·∫∑t m·ª•c ti√™u v√† k·∫ø ho·∫°ch üé§Di·ªÖn gi·∫£ Nguy·ªÖn Th√†nh Nguy√™n - Vi·∫øt l·∫°i Code: K·ª∑ nguy√™n m·ªõi c·ªßa K·ªπ thu·∫≠t di truy·ªÅn üé§Di·ªÖn gi·∫£ Gi√°p VƒÉn ƒê·∫°i - Blockchain: C√≥ n√™n minh b·∫°ch c·∫£m x√∫c? üé§Di·ªÖn gi·∫£ Ch√¢u B√πi - T·ªèa s√°ng t·ª´ b√™n trong: Tr√¢n tr·ªçng Ch√≠nh m√¨nh trong Qu√° kh·ª© üé§Di·ªÖn gi·∫£ Phan Ho√†ng Li√™n - Gi√° tr·ªã c·ªßa s·ª± ƒê∆°n thu·∫ßn v√† Ch√¢n th·ª±c",,,,ƒê·∫°t,Duy·ªát,,
2024/03/28,FP - Ki·∫øn kh√¥ng ng·ªß,Huyy Anh,"ƒëi H√† Giang ph·∫£i ƒë·∫∑t xe ko nh·ªâ? k th√¨ thay cap ""C·∫£ ƒë√°m mai ƒëi H√† Giang r·ªìi nh∆∞ng m√† b·∫°n qu√™n ƒë·∫∑t xe...""",,,,ƒê·∫°t,Duy·ªát,,
2024/03/28,FP - Ki·∫øn kh√¥ng ng·ªß,Huyy Anh,"B·∫°n d√°m ƒë·∫∑t, t√†i d√°m ch·ªü  ü•≤",https://scontent.fhan14-4.fna.fbcdn.net/v/t1.15752-9/434136715_999213944470687_236594054501130864_n.png?_nc_cat=102&ccb=1-7&_nc_sid=5f2048&_nc_eui2=AeGyNPzre-iuVhN_canezNkepRpnW7tVUa-lGmdbu1VRr1lUut-5N8sDyu3JURSrCpGUsW6Ukh1Ad-KJr1w-HqRT&_nc_ohc=aeHorq7OPYUAX-FVISQ&_nc_ht=scontent.fhan14-4.fna&oh=03_AdRo4kWwICn2cuQ7syn_6gHSHoIPk5Vy97Nti152pg47Ag&oe=662DE0AB ,,,ƒê·∫°t,Duy·ªát,,
2024/03/28,FP - Ki·∫øn kh√¥ng ng·ªß,Thu Trang,=))))))) xem logo c≈© ng·∫°i gi√πm  Credit: poni7199,"https://scontent.fhan14-3.fna.fbcdn.net/v/t1.15752-9/431141464_1794831031022568_6517193936307089764_n.jpg?_nc_cat=110&ccb=1-7&_nc_sid=5f2048&_nc_eui2=AeG1sIXon5GbLgG1P0a1ob5li0OubchHA7-LQ65tyEcDv8QoLsCE3sOD5bLZoZ3Dasgc9lrntfx1ReSz62-KtRqv&_nc_ohc=hpYiylJbzlMAX8mMFxR&_nc_ht=scontent.fhan14-3.fna&oh=03_AdRqGk0udnkx0VsQmMLjVoQ8H5ywjYRSbI_b941E3rKCTA&oe=662DF6A4 
https://scontent.fhan14-5.fna.fbcdn.net/v/t1.15752-9/434022758_1141782497038212_8632930788489142940_n.jpg?_nc_cat=106&ccb=1-7&_nc_sid=5f2048&_nc_eui2=AeEXbWXfa3bWBwMZZA-cc6rfq7rWbiOfoi-rutZuI5-iLyvr1PrD60sfaDSIEeTfnuLUZHd0VBsFgs_Ch-7cxaFy&_nc_ohc=VvHg201F8g4AX_oMIgc&_nc_ht=scontent.fhan14-5.fna&oh=03_AdSu73Jj4cBuzIHRdQ2Y6zJHsoO8ayQZczRj9x4JjZunng&oe=662DCAEA 
https://scontent.fhan14-1.fna.fbcdn.net/v/t1.15752-9/433856842_1586148832220739_4319555054437707703_n.jpg?_nc_cat=107&ccb=1-7&_nc_sid=5f2048&_nc_eui2=AeG_ZEeCbe7av_9VczvjzXcDat-VwZnPvE5q35XBmc-8TmaHR5GTIZyJmYL9RJ0lpxZ4Sqjly6BGFkru-4698qht&_nc_ohc=tpb4RQmgZfEAX9ryqTd&_nc_ht=scontent.fhan14-1.fna&oh=03_AdTwNr-EossIY0tFTYJj_KxvlDovDGKy_8ly0AsASee7YQ&oe=662DEC24 
https://scontent.fhan14-3.fna.fbcdn.net/v/t1.15752-9/434033577_1533304223899088_2605193536027268536_n.jpg?_nc_cat=110&ccb=1-7&_nc_sid=5f2048&_nc_eui2=AeHmewbIy7_6siojGo5Y_rkRivCU3_WW2gSK8JTf9ZbaBF-V2Raoyo29PqSLMVygNLL38DfwjiANnuJYfnXFbU4a&_nc_ohc=tYpMwnrT4LgAX8XsF3a&_nc_ht=scontent.fhan14-3.fna&oh=03_AdQRRl8Y_2jDEtUb2EYzcXkMYkbAwj31fWxxkGeHbAshqg&oe=662DD3CF 
https://scontent.fhan14-5.fna.fbcdn.net/v/t1.15752-9/433842337_395965829891506_4676241028718415985_n.jpg?_nc_cat=109&ccb=1-7&_nc_sid=5f2048&_nc_eui2=AeGhNX5YZuvPF-vb-4Yj4ikJ0KWElyzeV7_QpYSXLN5Xvz7Phw-e0qwKsnjq1-TggbHugVqVYSEe1zLGJSbHNKdg&_nc_ohc=DgbinEUQfJAAX9hhlE2&_nc_ht=scontent.fhan14-5.fna&oh=03_AdQDnnBkd_KDqvJGAWatSH8gD4SvrdbzJd9jaJlA0j2H3g&oe=662DD595 
https://scontent.fhan14-5.fna.fbcdn.net/v/t1.15752-9/433807159_1337267743608986_3971637791319573947_n.jpg?_nc_cat=106&ccb=1-7&_nc_sid=5f2048&_nc_eui2=AeHr946SopENFq8MdMBCkox-kRUu0ZUh3ouRFS7RlSHei2UMh6he3gR0U-JzUdw0v1wllgkwYCG46zoE3kCeBz_j&_nc_ohc=Q6xVmszHpMMAX81evnB&_nc_ht=scontent.fhan14-5.fna&oh=03_AdQymd8x9bW6OYv3s6BXzLIOmU75Ia8ryAkEWk8d_hux7Q&oe=662DD3C0 
https://scontent.fhan14-1.fna.fbcdn.net/v/t1.15752-9/432886693_391112107182753_4811115765553987854_n.jpg?_nc_cat=107&ccb=1-7&_nc_sid=5f2048&_nc_eui2=AeGwyBFHtC2XZYSOaOyZhWJYori_z1L9seWiuL_PUv2x5ZwwByQQKPudtXFUK2XdrvjcPPy4jKSUwuB_6mpD4inN&_nc_ohc=qG1PkAebLC4AX-paoxV&_nc_ht=scontent.fhan14-1.fna&oh=03_AdR6vBebyaQcj9TEPL9hl00uBVK1ESrpCEXPZBu-7mSXVg&oe=662DD617 
https://scontent.fhan14-3.fna.fbcdn.net/v/t1.15752-9/433953242_24980399258272687_4690901888260816334_n.jpg?_nc_cat=110&ccb=1-7&_nc_sid=5f2048&_nc_eui2=AeHbjY0jvuZuEx9GM6RPydWvrd-WPh-PRsKt35Y-H49Gwh8L6OiUh0OJnnZED1GyY8W316m2ygdQ8Im1tj6t19so&_nc_ohc=ARnCc6IBBTUAX8cStfI&_nc_ht=scontent.fhan14-3.fna&oh=03_AdT3fnLXkTM-TnGhU4NIoj5chBevvQjReEvvh6cySf2Y5g&oe=662DC753 
https://scontent.fhan14-3.fna.fbcdn.net/v/t1.15752-9/434024648_25115683864742999_6565752264866434800_n.jpg?_nc_cat=103&ccb=1-7&_nc_sid=5f2048&_nc_eui2=AeFK_aCV49Dt1VGFvSo-f1Z0-90Ry49WiDf73RHLj1aIN-qbdxavP29sDwNOomLgdvdMT5mnNC9M7TulocN7Ohsn&_nc_ohc=957UtX5uJ3kAX_x7nkJ&_nc_ht=scontent.fhan14-3.fna&oh=03_AdQ1uezQ7-z-rorQUMWINsukrMr3mEkwR7i5sLwbTZCtWA&oe=662DF1E1 
https://scontent.fhan14-2.fna.fbcdn.net/v/t1.15752-9/434086512_1060149578382995_8935929066511153409_n.jpg?_nc_cat=100&ccb=1-7&_nc_sid=5f2048&_nc_eui2=AeEG7gFbnMbXqXO6DyMzmOus-1MxOBRu-A37UzE4FG74DcNTipOnV2lqrroFiW8QwW_W5ikix1PkUg_knT3uqxXu&_nc_ohc=IvZHcRIR7BgAX_OrryA&_nc_ht=scontent.fhan14-2.fna&oh=03_AdS0fqMdLSCd2A5j0uD7nJVsXfL7DSVKWxaDq6iWFnWhrg&oe=662DC38C ",,,ƒê·∫°t,Duy·ªát,,
2024/03/28,FP - Ki·∫øn kh√¥ng ng·ªß,Huyy Anh,Hoan h√¥ tuy·ªÉn th·ªß n∆∞·ªõc ta...,https://scontent.fhan14-3.fna.fbcdn.net/v/t1.15752-9/434111039_1452684508617789_5095019933848554601_n.png?_nc_cat=111&ccb=1-7&_nc_sid=5f2048&_nc_eui2=AeEksawYx4-4z0BWs2_SnRuEq8l-bu6wB2uryX5u7rAHa-KC9yf2sGZnNBTdhzmKUgI6erWgghqsZ5XIFoawjsrW&_nc_ohc=UIE7590r5hgAX8m_EpY&_nc_oc=AdirTFnVS7fhowk6fIYvMUbYPbZ34bD-m0zu2JnLaAi3lwWQLO-E2hVgF74ZW_rRaPI&_nc_ht=scontent.fhan14-3.fna&oh=03_AdTQs0fNZPLviKJKhdQCRY-Dbh-RGN2pQojjRSvM2rsdTw&oe=662DD6BF ,,,ƒê·∫°t,Duy·ªát,,
2024/03/28,FP - Ki·∫øn kh√¥ng ng·ªß,Huyy Anh,"M√¨ tr·ªôn indo th√¨ ai c≈©ng bi·∫øt v·ªÅ ƒë·ªô ngon r·ªìi...  Nh∆∞ng con h√†ng m√†u xanh l√° n√†y ch·∫Øc ch·∫Øn l√† ch·ªâ c√≥ d√¢n ch∆°i m√¨ th·∫≠t s·ª± m·ªõi bi·∫øt ƒë∆∞·ª£c ü§§   Xanh l√° kh√¥ng ph·∫£i matcha tr√† xanh, xanh l√° l√† ·ªöT HI·ªÇM ƒë·∫•y ü•µ   - Ki·∫øn R√¨ Viu -",https://scontent.fhan14-5.fna.fbcdn.net/v/t1.15752-9/434080366_937452891042377_1940261930476500738_n.png?_nc_cat=109&ccb=1-7&_nc_sid=5f2048&_nc_eui2=AeF-f8pwL63qevN8CuuNUn1QtE4NFK0vUpy0Tg0UrS9SnHtOzzA8vWFTwsv3x7vONH-_9ezh67d9gc7vI7pj-zms&_nc_ohc=DzCk6eSDLkUAX95MHwI&_nc_ht=scontent.fhan14-5.fna&oh=03_AdQas2srb4RWwEA_ID7Om3P29mvxd21SZAXINW4M-5BpIw&oe=662DC731 ,,,ƒê·∫°t,Duy·ªát,,
2024/03/28,FP - Ki·∫øn kh√¥ng ng·ªß,Huyy Anh,"Gi·ªçng bu·ªìn bu·ªìn, N·ªìm n√≥i:  - Ch·ªâ c√≥ em l√† ch·∫≥ng ai y√™u   Artist: Th·∫ßn ƒê·∫±ng",https://scontent.fhan14-5.fna.fbcdn.net/v/t1.15752-9/432105692_1605784776926432_524303347863330149_n.jpg?_nc_cat=104&ccb=1-7&_nc_sid=5f2048&_nc_eui2=AeGhG23BpaWSw5nmxiI4wzL6BJk3Lr2hIDQEmTcuvaEgNGLLg9jEjUJnn-O83VdVUXIlv1NmSNEpb_ePir3grL2F&_nc_ohc=E86BK2RH8IgAX9bSLrC&_nc_ht=scontent.fhan14-5.fna&oh=03_AdRb82mnTAMsx47PH2mpKRDkLJLyTWUsQnN4hOZkNM52gw&oe=662DF610 ,,,ƒê·∫°t,Duy·ªát,,
2024/03/28,FP - Ki·∫øn kh√¥ng ng·ªß,Thu Trang,Mu·ªën t·ª± y√™u b·∫£n th√¢n m√¨nh th√¨ tr∆∞·ªõc h·∫øt ph·∫£i ch·∫•p nh·∫≠n ƒë∆∞·ª£c c√°i m≈©i c·ªßa m√¨nh ƒë√£ üòá,https://scontent.fhan14-3.fna.fbcdn.net/v/t1.15752-9/434244307_958713739298977_6133398645602871819_n.jpg?_nc_cat=103&ccb=1-7&_nc_sid=5f2048&_nc_eui2=AeFpAwT0FXpEC9ZM7ZqgdyoQvUDz_U6dZGe9QPP9Tp1kZ0F1rHW8OgNKblGXoTQ8RVAP7y3clCozY7ZhPdEOca5s&_nc_ohc=XDhwdJT9q_IAX-obPy2&_nc_ht=scontent.fhan14-3.fna&oh=03_AdTdcWo6pB3Ox9G9U3Lx7fTS2paycBjX6I9AxqTYwJK8CQ&oe=662DEDD7 ,,,ƒê·∫°t,Duy·ªát,,
2024/03/28,FP - Ki·∫øn kh√¥ng ng·ªß,Thu Trang,"B·∫°n nghƒ© th·∫ø n√†o v·ªÅ ph√°, b·ªè thai?  A. Tuy·ªát ƒë·ªëi kh√¥ng ƒë∆∞·ª£c, n√™n c√≥ lu·∫≠t c·∫•m ph√°, b·ªè thai t·ª´ ƒë√≥ m·ªçi ng∆∞·ªùi c√≥ tr√°ch nhi·ªám h∆°n  B. Kh√¥ng v·∫•n ƒë·ªÅ g√¨, v√¨ c√≥ nhi·ªÅu tr∆∞·ªùng h·ª£p c√≥ l√Ω do nh·∫°y c·∫£m C. Kh√≤ kh√≤",,,,B√°ch,Duy·ªát,,
2024/03/28,FP - Ki·∫øn kh√¥ng ng·ªß,Qu·ª≥nh Nh∆∞,https://drive.google.com/file/d/1OfsGW8NeLnnCRq9yqz5nOHLxb1yvhfqy/view,https://drive.google.com/thumbnail?id=1OfsGW8NeLnnCRq9yqz5nOHLxb1yvhfqy,,https://drive.google.com/file/d/1OfsGW8NeLnnCRq9yqz5nOHLxb1yvhfqy/view,ƒê·∫°t,Duy·ªát,,
2024/03/28,FP - Ki·∫øn kh√¥ng ng·ªß,Qu·ª≥nh Nh∆∞,https://drive.google.com/file/d/1yLJxKFulnPLXjm6wAQ5RKQx2DSOOBA3_/view,https://drive.google.com/thumbnail?id=1yLJxKFulnPLXjm6wAQ5RKQx2DSOOBA3_,,https://drive.google.com/file/d/1yLJxKFulnPLXjm6wAQ5RKQx2DSOOBA3_/view,ƒê·∫°t,Duy·ªát,,
2024/03/28,FP - Ki·∫øn kh√¥ng ng·ªß,Qu·ª≥nh Nh∆∞,https://drive.google.com/file/d/1H3amIDOzmgDfDMJhxWKeMpDSKOYK4gDM/view,https://drive.google.com/thumbnail?id=1H3amIDOzmgDfDMJhxWKeMpDSKOYK4gDM,,https://drive.google.com/file/d/1H3amIDOzmgDfDMJhxWKeMpDSKOYK4gDM/view,ƒê·∫°t,Duy·ªát,,
2024/03/28,FP - Ki·∫øn kh√¥ng ng·ªß,Thu Trang,Kh√¥ng ai c·∫£: Khuy√™n m≈©i c·ªßa t√¥i trong m·∫Øt b·ªë m·∫π t√¥i:,,,,ƒê·∫°t,Duy·ªát,,
2024/03/28,,Thu Trang,Kh√¥ng ai c·∫£: Ng∆∞·ªùi x·ªè khuy√™n m≈©i trong m·∫Øt b·ªë m·∫π t√¥i:,https://scontent.fhan14-2.fna.fbcdn.net/v/t1.15752-9/431664144_937570037771902_2442477863801796599_n.jpg?_nc_cat=108&ccb=1-7&_nc_sid=5f2048&_nc_eui2=AeGWsShwY6q41M9fNWPehmGnTyMJuY-3SGtPIwm5j7dIa4crywJLVOP9-hM80eWLI2F2LlN9850m9oni9-mRp2dA&_nc_ohc=HU4twYgPw_MAX_9hutV&_nc_ht=scontent.fhan14-2.fna&oh=03_AdQW2nPkUElmK7IBWJbqa1unh9gltHPMuMOA5QlF1og-PA&oe=662DCA0C ,,,B√°ch,Duy·ªát,,
2024/03/28,,Huyy Anh,https://www.facebook.com/100076086879613/videos/970957877880377/,,,https://www.facebook.com/permalink.php?story_fbid=pfbid0seycSPnMXeg5WwpceNtLoqJjTZF2tYPXsPSPcRcWJGLtmEb1K6Fr2rpyPauvrpMHl&id=100076086879613,B√°ch,Duy·ªát,,
