time,page,sender_name,content,photos,videos,link,kdv
2024/03/31,FP - ShowBeat,Ph∆∞∆°ng Nga L√™,"üî•ƒê·ªânh l∆∞u Pamyeuoi m·ª´ng sinh nh·∫≠t 2 tu·ªïi s·ªõm. NƒÉm nay elm ƒë·ªçc th∆° m∆∞·ª£t h∆°n, bi·∫øt nhi·ªÅu th·ª© h∆°n v√† th√†nh t√≠ch c≈©ng ·∫•n t∆∞·ª£ng h∆°n: 1,5 tri·ªáu theo d√µi tr√™n t√≥p t√≥p, 1 tri·ªáu ng∆∞·ªùi follow tr√™n IG ü•∞üéâ",,,,ƒê·∫°t
2024/03/31,FP - ShowBeat,Ph∆∞∆°ng Nga L√™,"üî•Jessica v√† Jennifer ƒëang ti·ªÉu ph·∫©m gi·∫±ng co c√πng c√¥ ch·ªß Hari Won t·∫°i M·ªπ th√¨ b·ªã ng∆∞·ªùi ƒëi ƒë∆∞·ªùng hi·ªÉu nh·∫ßm, l·∫≠p t·ª©c g·ªçi c·∫£nh s√°t can thi·ªáp =))) Ho·∫£ng qu√° ph·∫£i l√¥i ti·∫øng Anh 12/12 ra gi·∫£i tr√¨nh, khi·∫øn Hari c∆∞·ªùi mu·ªën n√° th·ªü",https://scontent.fhan20-1.fna.fbcdn.net/v/t1.15752-9/432754442_338402825373685_6800424668113294654_n.png?_nc_cat=102&ccb=1-7&_nc_sid=5f2048&_nc_eui2=AeFy9nEF4N9qzTrojPPO70hYWZg5E6p_0_hZmDkTqn_T-IH-NyJW73lMrPIwzMBiwOVXs0lGs6sMhkGJTBjZEe-c&_nc_ohc=gknkozoZZVoAX_aDQuk&_nc_oc=AdiTu7ayltYGQb-jzJ2WUcqlOqW-q4dXhqAtZqcdYOhKYhF66lIgVPz4vuLeZLBDiG8&_nc_ht=scontent.fhan20-1.fna&oh=03_AdQKtqEi1vUIWsJFgmyMQUpWgZoIEH5C8JFbV-QUKebHsQ&oe=6631D23E ,,,ƒê·∫°t
2024/03/31,FP - ShowBeat,Ph∆∞∆°ng Nga L√™,"üî•Nhan s·∫Øc, cu·ªôc s·ªëng sang ch·∫£nh, h√¥n nh√¢n vi√™n m√£n, T√¢m T√≠t ·ªü ƒë·ªô tu·ªïi U40 c√≥ t·∫•t c·∫£ ü´∂","https://scontent.fhan20-1.fna.fbcdn.net/v/t1.15752-9/433942226_1113689136603333_7640944584854094400_n.jpg?_nc_cat=102&ccb=1-7&_nc_sid=5f2048&_nc_eui2=AeHiI6v4--yHDlHzYzffQycuyXNIvrHxOirJc0i-sfE6Kl4aM8M7aq-BOyqc_35yl5OyVaVG8ZRScZX3pihhp6ZF&_nc_ohc=JJKP_3bcHBAAX_KGbcO&_nc_ht=scontent.fhan20-1.fna&oh=03_AdQibj61X-gaCo-HzQZa2gpv-hHohqN1JB72PsQ9Iqisyw&oe=6631E0E3 
https://scontent.fhan2-3.fna.fbcdn.net/v/t1.15752-9/431945336_1554562175338259_7466803364563348250_n.jpg?_nc_cat=111&ccb=1-7&_nc_sid=5f2048&_nc_eui2=AeFIB6NlY5KytPoj61aGtTDC43VwR_IgpZnjdXBH8iClmb7TdA6aVCwSsaMbwKr2PgMZ97waKIB17_I6AL_pcbxb&_nc_ohc=UYaOklJphVQAX9p17wA&_nc_ht=scontent.fhan2-3.fna&oh=03_AdRlXQz1FyzGeqtHTEzayEPFFJ5GjdTFoie1YogsiTOu_A&oe=6631FC0F 
https://scontent.fhan2-4.fna.fbcdn.net/v/t1.15752-9/434333332_901179028407578_763882952264350441_n.jpg?_nc_cat=105&ccb=1-7&_nc_sid=5f2048&_nc_eui2=AeFrhr5QXAHYB4TVE6aE-UE_h8m0rcGNHqWHybStwY0epR9wvDOKZOx4_iKVWDnQV8MrI-IQFwj3ZwfvB_kQRO6g&_nc_ohc=Rj7PM5DMiTsAX9dk0BC&_nc_ht=scontent.fhan2-4.fna&oh=03_AdQGTG7BKsdu5WO8FUeiBbFX5cBFA0LZ-hhsIuyHIJeBCw&oe=6631F257 
https://scontent.fhan2-3.fna.fbcdn.net/v/t1.15752-9/433076611_400015432972478_8585879312849037031_n.jpg?_nc_cat=101&ccb=1-7&_nc_sid=5f2048&_nc_eui2=AeE_akTQYjsBxQgo-7RFDFY4fPsUs6VaQWV8-xSzpVpBZaxDzGhUQPgoCW4hfF-nFxuAlVRDI7ECE8YuUbKcP9vT&_nc_ohc=jPTo21kCH7oAX94z8Yf&_nc_ht=scontent.fhan2-3.fna&oh=03_AdT5XUcBJLlzS7YeUvQ51-NWiBrI6B_TWXZGSracCkgLPg&oe=6631D43E ",,,B√°ch
2024/03/30,FP - ShowBeat,Ph∆∞∆°ng Nga L√™,"Tinh hoa h·ªôi t·ª•, Jack r·∫•t iu ü´∂",https://scontent.fhan20-1.fna.fbcdn.net/v/t1.15752-9/432851266_1206847686954229_5984320773570050480_n.jpg?_nc_cat=102&ccb=1-7&_nc_sid=5f2048&_nc_eui2=AeFj_lROaZMKGVuOKwUHbTOqVCEtUoENxJRUIS1SgQ3ElJlpvHv8pHrTQrEChXEMTVZi7Uv6ncuyYS5KzatUrbtO&_nc_ohc=eLzl90H7A3oAX_nCWcI&_nc_ht=scontent.fhan20-1.fna&oh=03_AdQVSyMycASeF7muUhzmrMM0dkhSDEs2BewZXaVYYg-TUg&oe=6631D62F ,,,B√°ch
2024/03/30,FP - ShowBeat,Ph∆∞∆°ng Nga L√™,"üî•Tr·∫•n Th√†nh v√† Hari Won t√¨m n∆°i b√¨nh y√™n, tr√°nh xa c·∫∑p ƒë√¥i ti·ªÉu ph·∫©m Ch√©t si ca D∆∞∆°ng L√¢m v√† Selena Gomez L√™ Giang.  Nh√¨n v·∫≠y m√† kh·ª©a n√†o ƒë·ªìn √°c k√™u anh ch·ªã h·∫øt h·ª£p ƒë·ªìng ü§ß","https://scontent.fhan2-5.fna.fbcdn.net/v/t1.15752-9/434827641_426132673493002_1075373508682931232_n.jpg?_nc_cat=104&ccb=1-7&_nc_sid=5f2048&_nc_eui2=AeHobcARDu5xr3QyyhEgQxlAjteN2gDrzsiO143aAOvOyFg6sXEaKn-RQJpZ2caVMt_XYRxiAxCrpyG58qgrQnlr&_nc_ohc=e1-KOHk0Z-oAX-78vRS&_nc_ht=scontent.fhan2-5.fna&oh=03_AdQuLLjPXAxlEcc7HAE-eJcbwaA_-HGNLKe7kFdhpjYgFA&oe=6631D295 
https://scontent.fhan2-5.fna.fbcdn.net/v/t1.15752-9/432798087_1528594134356399_4665072948880641087_n.jpg?_nc_cat=104&ccb=1-7&_nc_sid=5f2048&_nc_eui2=AeG-RYtYXMa4W_geBnUH4n43YCRDQhvt03ZgJENCG-3Tdq9YZr5WHE7JWBYGbbUGLYUpv5vbQsvNLF-QPkyHdxn1&_nc_ohc=36Ty63tVLhsAX_QA8cF&_nc_ht=scontent.fhan2-5.fna&oh=03_AdRZgw5qtQK1cRjJFQDDK7H4MTaJnXuQdpfvJzXrneSFeQ&oe=6631F459 
https://scontent.fhan2-5.fna.fbcdn.net/v/t1.15752-9/432488240_922174052727748_3474915562475165206_n.jpg?_nc_cat=106&ccb=1-7&_nc_sid=5f2048&_nc_eui2=AeGvjTyt-xDmhHRFcFEnWSiUihFUH3y57jWKEVQffLnuNXVCFUhmQ9nzgeMk4U43ooikNGM7sJtDger8XTY3825L&_nc_ohc=HFJ6ACXglqgAX9g21T1&_nc_ht=scontent.fhan2-5.fna&oh=03_AdRilaPU4D7REgE_lI0h1cA6L3BvyGk0a28sWrZfeMwBOA&oe=6631D302 
https://scontent.fhan2-4.fna.fbcdn.net/v/t1.15752-9/434407559_1097277378199253_7190668427459334749_n.jpg?_nc_cat=100&ccb=1-7&_nc_sid=5f2048&_nc_eui2=AeFq1ElDkABOKBEphjI-lzc8pFeQAHnwNnukV5AAefA2e8nUV3F9jRd8HZDYTa_Nhdcq9Ev9e0koo-UedylneEym&_nc_ohc=FcdTJxMFVfEAX9v11L7&_nc_ht=scontent.fhan2-4.fna&oh=03_AdQG34rbenRYI1E2JFcON1jemQMVY-5h9PBHtAaYi3a_mQ&oe=6631CC42 ",,,ƒê·∫°t
2024/03/29,FP - ShowBeat,Ph∆∞∆°ng Nga L√™,TH·∫æ L√Ä TR√îN TR√îN VN √Ä?  ƒê√°m c∆∞·ªõi c·ªßa Ph·∫°m Tho·∫°i ƒë√£ t·ªï ch·ª©c xong nh∆∞ng v·∫´n l√† 1 trong nh·ªØng b√≠ ·∫©n c·ªßa nh√¢n lo·∫°i.  N·∫øu l√† 1 ƒë√°m c∆∞·ªõi th·∫≠t th√¨ qu√° s∆° s√†i so v·ªõi t√≠nh c√°ch c·ªßa Ph·∫°m Tho·∫°i.  Nh∆∞ng n·∫øu n√≥i pha k√® th√¨ l·∫°i ch·ªân chu qu√°... Thu√™ th√™m v√†i v·ªã kh√°ch m·ªùi n·ªØa th√¨ kh√¥ng c√£i n·ªïi.  N√≥i chung l√† ƒë·ªÉ n√≥i v·ªÅ t·ªï ch·ª©c ƒë√°m c∆∞·ªõi pha k√® th√¨ Anna B·∫Øc Giang v·∫´n l√† 1 huy·ªÅn tho·∫°i....,https://scontent.fhan2-3.fna.fbcdn.net/v/t1.15752-9/434557080_938182757696114_3817467695978373532_n.jpg?_nc_cat=108&ccb=1-7&_nc_sid=5f2048&_nc_eui2=AeFofuVOzXQXAK-m2-M5T3yVErp_JKiBLp8Sun8kqIEun3QkMqgYXAmX6U9XHZC0gS9IvUsMtpOrw_d5lpgwySJ2&_nc_ohc=YNvZIelrm3gAX_h9ad2&_nc_ht=scontent.fhan2-3.fna&oh=03_AdSbmPI9G5V0O-JmXi6SWF8qA9G17cy4qasRF9xg-LzHpw&oe=6631F698 ,,,ƒê·∫°t
2024/03/29,FP - ShowBeat,Ph∆∞∆°ng Nga L√™,T√¨nh h√¨nh ae t·ª´ h√¥m qua ƒë·∫øn gi·ªù:,https://scontent.fhan2-5.fna.fbcdn.net/v/t1.15752-9/432797530_415665111108936_5189386200106445133_n.jpg?_nc_cat=104&ccb=1-7&_nc_sid=5f2048&_nc_eui2=AeGKXO5h61rATbFK6l9zDO-c9IJ04mjCghr0gnTiaMKCGiN8uEXkuq-6yZxsnaOxz_Ser43_5n6myh8xOcVwJu6h&_nc_ohc=fJoYmeuhTPYAX_bvYjV&_nc_ht=scontent.fhan2-5.fna&oh=03_AdTfLCQW5UTdV2AD4iFh02aUTEauu4TiENJry2V6Gx0aHg&oe=6631F6F0 ,,,B√°ch
2024/03/29,FP - ShowBeat,Ph∆∞∆°ng Nga L√™,Ph·∫°m Tho·∫°i l·∫•y v·ª£ nh∆∞ng ng∆∞·ªùi ch·∫•p ni·ªám v·∫´n l√† H∆∞∆°ng Giang ü•≤,https://scontent.fhan2-5.fna.fbcdn.net/v/t1.15752-9/432871643_2606065022886409_3354515778023237790_n.jpg?_nc_cat=106&ccb=1-7&_nc_sid=5f2048&_nc_eui2=AeHPlmXDBAOkvkPLfBwijfWX7dhZm0a80Zrt2FmbRrzRmtPIkQI20DDhkqeO8B0EuWiBSDuKMDySMAc82rjHRJbp&_nc_ohc=TtSVtE6jahkAX_2zGoU&_nc_ht=scontent.fhan2-5.fna&oh=03_AdTcNXP6FYQSWNa0zNeaS7umZsVp6Xhn8-NvUoHc7PmnGQ&oe=6631F8D3 ,,,ƒê·∫°t
2024/03/29,FP - ShowBeat,Ph∆∞∆°ng Nga L√™,"üî• Cu·ªëi tu·∫ßn v·ª£ iu t·ªõi thƒÉm, ƒë·ªìng ch√≠ hi·∫øu tranh th·ªß l√†m n≈©ng t√≠ ü§£ü§£","https://scontent.fhan2-4.fna.fbcdn.net/v/t1.15752-9/434190663_1152767249082360_8536613660014762468_n.jpg?_nc_cat=100&ccb=1-7&_nc_sid=5f2048&_nc_eui2=AeFTF_nDncuPFWSegLdpv5RfCHomeTOqENQIeiZ5M6oQ1DWPuz2NoZap-TauBNptlWtXpP6gbnZmf4DqVdVTSkuf&_nc_ohc=VLgE6glxb7UAX-dD4HZ&_nc_ht=scontent.fhan2-4.fna&oh=03_AdSxYeW7P4uQNghZJ5xOPNmbfxT5jFExn0vZcrOXWOBz0A&oe=6631D7AF 
https://scontent.fhan20-1.fna.fbcdn.net/v/t1.15752-9/432834507_944237473647217_6287241272295179306_n.jpg?_nc_cat=103&ccb=1-7&_nc_sid=5f2048&_nc_eui2=AeHlF8hAtqB8uKKCeSKtLjcoXZ4b8n6wAChdnhvyfrAAKLUA_wNYtEuLpKpAYwXiy_SatouzLq6_r7uO3xU0VC3V&_nc_ohc=rcLx0M2A7YIAX8oXHr_&_nc_ht=scontent.fhan20-1.fna&oh=03_AdSeNqEiRewvups-4iHtT8g13L0rVVC78IRHojZJ-IlNVw&oe=6631CAB2 
https://scontent.fhan2-4.fna.fbcdn.net/v/t1.15752-9/432743309_349826160798334_3969183670515126057_n.jpg?_nc_cat=110&ccb=1-7&_nc_sid=5f2048&_nc_eui2=AeGc6o8qqkspHVnzT_GOL1p13iVNYY9fBIjeJU1hj18EiPr6tZZnVC4H11WMA_c5mV0jd5KW6XoBrJUdX_TUJ11B&_nc_ohc=uL46AFMVdG4AX-sHSuJ&_nc_ht=scontent.fhan2-4.fna&oh=03_AdR75jmbiWcOOxyzz7dyQPOsR9fXONFgutrd9JyFqzJ85A&oe=6631D8B3 ",,,ƒê·∫°t
2024/03/29,FP - ShowBeat,Ph∆∞∆°ng Nga L√™,üî•Trong vai Haitoo nh∆∞ng h·ªá ƒëi·ªÅu h√†nh Nam Em ü§ß,https://scontent.fhan2-5.fna.fbcdn.net/v/t1.15752-9/432725429_789723903034810_8201951750208133788_n.jpg?_nc_cat=104&ccb=1-7&_nc_sid=5f2048&_nc_eui2=AeEcXRN0HwbQ78nBe9GTJIaCpvbBHw_Uuh2m9sEfD9S6HXyQyMv2u8fPuZqH4VMXSjX3vwh0n6Xv87OAOvIoyF4c&_nc_ohc=RCebLbRYWX4AX_oNbFM&_nc_ht=scontent.fhan2-5.fna&oh=03_AdSVXxi5n2GvAi5B8xY5NG9aa4ywriRehn_TYmg5TPhgqQ&oe=6631F393 ,,,B√°ch
2024/03/28,FP - ShowBeat,Ph∆∞∆°ng Nga L√™,"Tun Ph·∫°m, Long Chun nghi ho·∫∑c nh·ªù ae H·∫£i Ph√≤ng check h·ªô th√¥ng tin Ph·∫°m Tho·∫°i l·∫•y v·ª£.  V√† ƒë·∫ßu c·∫ßu Ti√™n L√£ng tr·∫£ l·ªùi:","https://scontent.fhan20-1.fna.fbcdn.net/v/t1.15752-9/433576902_939668754154168_9216486277855542001_n.jpg?_nc_cat=103&ccb=1-7&_nc_sid=5f2048&_nc_eui2=AeFN7TK4K2XrtAmepbjomONgF_o8vBLJh5YX-jy8EsmHlt_ZpNpI-CUkmP4tPPP9qXBTRXhPFerFhLCvvEZQgx3x&_nc_ohc=GnVGbFahzqIAX-laYGO&_nc_ht=scontent.fhan20-1.fna&oh=03_AdSqZiRlWgPTbJ7AplTfIL1YLpn2ry3UisYEx1hSAFNuSA&oe=6631F586 
https://scontent.fhan2-4.fna.fbcdn.net/v/t1.15752-9/433486234_384412707810916_4186592861063522649_n.jpg?_nc_cat=105&ccb=1-7&_nc_sid=5f2048&_nc_eui2=AeG_1I6gVsFjNEAt1D10k94sdBizsa41P110GLOxrjU_XbyllJeDOsh2TtjT808PcsgZnppMEJeFcQr6-_2e3KvR&_nc_ohc=WBhs9WJj0oIAX-DWVsB&_nc_ht=scontent.fhan2-4.fna&oh=03_AdRWdQ74EZEsbI2z5HoEPydtk8vwQcFyCKk_FFF4Z5_Wfg&oe=6631FEE5 
https://scontent.fhan2-4.fna.fbcdn.net/v/t1.15752-9/433563385_968651277458445_2827851355643074982_n.jpg?_nc_cat=110&ccb=1-7&_nc_sid=5f2048&_nc_eui2=AeETr6r0YEbpemrk-jNLsaWvGt7v5vk4LMAa3u_m-TgswAWdNo7MzskMzcQcx_n4o4h_rr702t_-KF2sFXs0Z9Tu&_nc_ohc=Pd7iOvzqHzIAX9iGMDc&_nc_ht=scontent.fhan2-4.fna&oh=03_AdS4OuRQvCQ_no-EeCiRyMamawjPj99vLhUrI2K-vfsAag&oe=6631F796 
https://scontent.fhan2-4.fna.fbcdn.net/v/t1.15752-9/433373827_934907958275575_611752051424050868_n.jpg?_nc_cat=110&ccb=1-7&_nc_sid=5f2048&_nc_eui2=AeEY5kQpR9IQZbpdFFIkNMwsPZ-O33ou2109n47fei7bXWlVZENKhpnkuadi3yEsLwqf_Is9DCKOkY65FXB5HHQV&_nc_ohc=f2e2lRsaNWMAX9KIwY9&_nc_ht=scontent.fhan2-4.fna&oh=03_AdS2ChaLU1O4zvdo_2e-AmR4-y07B-v-XHv1PHlwZwfhCw&oe=6631EA6F ",,,B√°ch
2024/03/28,FP - ShowBeat,Ph∆∞∆°ng Nga L√™,Ch·ªã hay h∆°n thua qu√° ch·ªã Jenifer...,https://scontent.fhan2-4.fna.fbcdn.net/v/t1.15752-9/433252540_1389479991749406_1602467748528844500_n.jpg?_nc_cat=105&ccb=1-7&_nc_sid=5f2048&_nc_eui2=AeG_6y3_BS0nCoiPR9Xvi5aIa-8h1Z932Ghr7yHVn3fYaBza0TNEmJWQ1IwdurHKFXr8Sf_vO4rvo6NewnoDsyG0&_nc_ohc=5Ch1MIaZ05wAX8mUhA9&_nc_ht=scontent.fhan2-4.fna&oh=03_AdRr-tImrpupIHP2e-cIYS2vIbKGcPs1ICmcaMuBLooGNw&oe=663201F9 ,,,ƒê·∫°t
2024/03/28,FP - ShowBeat,Ph∆∞∆°ng Nga L√™,"Th·∫•y h√¨nh th·∫Øm t√¨nh th·∫ßy tr√≤ c·∫£m ƒë·ªông, c√≤n ƒë·ªçc cap th√¨ c·∫£m l·∫°nh ü§£ü§£ü§£ C√≥ l·∫Ω ƒë√¢y l√† l√≠ do c√°c h·ªçc tr√≤ r·∫•t y√™u qu√Ω th·∫ßy Park.",https://scontent.fhan2-3.fna.fbcdn.net/v/t1.15752-9/433527301_1122116382320619_3266279105535023744_n.jpg?_nc_cat=108&ccb=1-7&_nc_sid=5f2048&_nc_eui2=AeHh0r2UaZ3C4D9SHJ9EDI4bukhgurVWX2e6SGC6tVZfZ29YLJ_knbXwdY6Kv1jDrTPF9UttdV391ITiZ5v8iyWM&_nc_ohc=xL6-7_vTwz4AX-kRuhc&_nc_ht=scontent.fhan2-3.fna&oh=03_AdS0DIDMLaa8WfbQ4HXf6PZfPosEWT4ke9hP3CNDjLEr0A&oe=6631CB86 ,,,ƒê·∫°t
2024/03/28,FP - ShowBeat,Ph∆∞∆°ng Nga L√™,"S·ªü Th√¥ng tin v√† Truy·ªÅn th√¥ng TP H√† N·ªôi cho bi·∫øt t·ª´ 28/1, ƒë√£ m·ªùi anh V≈© VƒÉn N·ªôi - t√™n ch·ªß t√†i kho·∫£n Tiktoker V≈© Minh L√¢m. ""T·∫°i bu·ªïi l√†m vi·ªác, khi ƒëang l√†m vi·ªác ƒë∆∞·ª£c n·ª≠a bu·ªïi th√¨ Tiktoker n√†y l·∫•y l√Ω do kh√¥ng ƒë·∫£m b·∫£o s·ª©c kh·ªèe n√™n kh√¥ng k√Ω bi√™n b·∫£n l√†m vi·ªác, xin ph√©p s·∫Ω l√†m vi·ªác v√†o bu·ªïi ti·∫øp theo. Tuy nhi√™n sau ƒë√≥ Tiktoker V≈© Minh L√¢m kh√¥ng quay tr·ªü l·∫°i l√†m vi·ªác.""  S·ªü Th√¥ng tin v√† Truy·ªÅn th√¥ng TP H√† N·ªôi ƒë√£ tr·ª±c ti·∫øp li√™n h·ªá nhi·ªÅu l·∫ßn, ph·ªëi h·ª£p v·ªõi c√¥ng an ƒë·ªãa ph∆∞∆°ng g·ª≠i gi·∫•y m·ªùi 3 l·∫ßn nh∆∞ng anh V≈© VƒÉn N·ªôi v·∫´n t·ª´ ch·ªëi, tr·ªën tr√°nh ti·∫øp nh·∫≠n th√¥ng tin v√† kh√¥ng ƒë·∫øn l√†m vi·ªác v·ªõi S·ªü.  Ph√≥ Gi√°m ƒë·ªëc S·ªü Th√¥ng tin v√† Truy·ªÅn th√¥ng H√† N·ªôi cho bi·∫øt, do ƒë·∫øn nay thanh tra s·ªü ch∆∞a tr·ª±c ti·∫øp l√†m vi·ªác n√™n k·∫øt lu·∫≠n v·ªÅ vi ph·∫°m c·ªßa anh V≈© VƒÉn N·ªôi c√≥ th·ªÉ c√≤n qu√° s·ªõm. Tuy nhi√™n, cƒÉn c·ª© v√†o nh·ªØng quy ƒë·ªãnh v·ªÅ quy t·∫Øc ·ª©ng x·ª≠ tr√™n m·∫°ng do B·ªô Th√¥ng tin v√† Truy·ªÅn th√¥ng ban h√†nh, trong 4 quy t·∫Øc ·ª©ng x·ª≠ chung th√¨ anh V≈© VƒÉn N·ªôi ƒë√£ vi ph·∫°m 2/4 quy t·∫Øc.  Trong ƒë√≥ ƒë√£ vi ph·∫°m quy ƒë·ªãnh tr√°ch nhi·ªám t√¥n tr·ªçng v√† tu√¢n th·ªß ph√°p lu·∫≠t; quy t·∫Øc v·ªÅ tr√°ch nhi·ªám - ch·ªãu tr√°ch nhi·ªám v·ªõi c√°c h√†nh vi ·ª©ng x·ª≠ tr√™n m·∫°ng x√£ h·ªôi, ph·ªëi h·ª£p v·ªõi c√°c c∆° quan ch·ª©c nƒÉng ƒë·ªÉ x·ª≠ l√Ω h√†nh vi, n·ªôi dung th√¥ng tin vi ph·∫°m ph√°p lu·∫≠t.  Theo: T·ªï qu·ªëc",https://scontent.fhan2-5.fna.fbcdn.net/v/t1.15752-9/433584375_1586241778887153_1712544752402662754_n.jpg?_nc_cat=104&ccb=1-7&_nc_sid=5f2048&_nc_eui2=AeFo9pn9MRIQehfi2_MvXhsskTZQN8ImPSiRNlA3wiY9KKnlwGfdceXU-piDRJUAOUApjcAp147NFnlsHE72r5r_&_nc_ohc=u1WJQgTCvJwAX9bsS0Y&_nc_ht=scontent.fhan2-5.fna&oh=03_AdTQ08j1bPFMwy6m2cmhNSjpn5IpMNsEfbpJGJYVXYty7w&oe=6631E5C6 ,,,ƒê·∫°t
2024/03/28,FP - ShowBeat,Ph∆∞∆°ng Nga L√™,üî•HLV Park Hang Seo ƒë·∫øn m·ª´ng ng√†y vui c·ªßa h·ªçc tr√≤ nh∆∞ng c≈©ng kh√¥ng qu√™n ƒë·ªông vi√™n Quang H·∫£i,"https://scontent.fhan2-3.fna.fbcdn.net/v/t1.15752-9/433974258_234429129753677_187079020718622193_n.jpg?_nc_cat=111&ccb=1-7&_nc_sid=5f2048&_nc_eui2=AeHQjfiuFOrZznyVyypkozHVU0zzbSqU8TJTTPNtKpTxMgVltIHM9wsTKl7ftuqzB_csknwOtkIt5YhcwPkZUMwP&_nc_ohc=t7sFSZCNkGgAX8Ry0YI&_nc_ht=scontent.fhan2-3.fna&oh=03_AdTeyd-IdcYahtDNGtfx6kco8xsxGoeXVAsuCFvLwH8oMA&oe=6631E9AE 
https://scontent.fhan20-1.fna.fbcdn.net/v/t1.15752-9/432869049_965738714961752_1866269055656577593_n.jpg?_nc_cat=103&ccb=1-7&_nc_sid=5f2048&_nc_eui2=AeHQIt3Z1tKPVKlG-7hxtbn7XhjVzR7e1iReGNXNHt7WJJKCZoiW0R33Fn6lgQJUUNSiCzlsd4sdsOr8BGBV4EIF&_nc_ohc=0keON1tWfp4AX_cULXR&_nc_ht=scontent.fhan20-1.fna&oh=03_AdSHqMNw9JBgq5NeZ7yQT_2qAHihucBrBBlsj1YRUUIRZQ&oe=6631D330 
https://scontent.fhan2-5.fna.fbcdn.net/v/t1.15752-9/432946041_1186579326086316_5646784685981491598_n.jpg?_nc_cat=106&ccb=1-7&_nc_sid=5f2048&_nc_eui2=AeFae8d4wyU2SUdorJfOsasDhX7kXuxAVuaFfuRe7EBW5hzIv_lA4uDHmIH_exQb8WbNNk_3ETIMD-PYbKh-PaIJ&_nc_ohc=P8JDnVwOZCYAX9lfkBy&_nc_ht=scontent.fhan2-5.fna&oh=03_AdQxGG0f7L07fPk1eU2WNoaOqlBqN7pUo46a2F0loSjroQ&oe=6631D5B2 ",,,ƒê·∫°t
2024/03/28,FP - ShowBeat,Ph∆∞∆°ng Nga L√™,"üî•Quang H·∫£i ƒë√£ r∆∞·ªõc ƒë∆∞·ª£c n√†ng v·ªÅ dinh üòç Ng·∫Øm c·∫∑p t√¢n lang t√¢n n∆∞∆°ng long lanh tr√™n l·ªÖ ƒë∆∞·ªùng.  Trong m·ªôt di·ªÖn bi·∫øn kh√°c, CƒêM quay xe khi th·∫•y menu ch√≠nh th·ª©c c·ªßa ƒë√°m c∆∞·ªõi Quang H·∫£i. Menu tr∆∞·ªõc ƒë√≥ ch·ªâ l√† ƒë√£i kh√°ch ng√†y d·ª±ng r·∫°p.","https://scontent.fhan20-1.fna.fbcdn.net/v/t1.15752-9/433475558_786137926372637_7060135088357953273_n.jpg?_nc_cat=103&ccb=1-7&_nc_sid=5f2048&_nc_eui2=AeGSLf-VyUfmHMdr88xjAzfZIPN5TFeoNFgg83lMV6g0WLmG7IccvHhfhU96Wy9xtNQ9oxvvfXBx9jgGgwXaL0bI&_nc_ohc=nVMR-9m9fMcAX9Cjdus&_nc_ht=scontent.fhan20-1.fna&oh=03_AdQUDcN9DBBPRUCxGPE3wAVnyxKgPg3ILp_5TJ0myueAVw&oe=6631F9C7 
https://scontent.fhan2-5.fna.fbcdn.net/v/t1.15752-9/420523914_768442848777666_4246748424854326290_n.jpg?_nc_cat=107&ccb=1-7&_nc_sid=5f2048&_nc_eui2=AeEJf9-X_bLaYKi4RAPTPDH40pu50qEWHKHSm7nSoRYcoeHoJ6j76g1VqCJOAFJL6oi1OaA6ZQSB7vymQ9ikSc6K&_nc_ohc=BKQnplJNxiIAX-Q2gHL&_nc_ht=scontent.fhan2-5.fna&oh=03_AdS1eSv6Qe_jiB9isQn1KKAxh3Ufkha7PrgfTz4TsiRufg&oe=6631DB5E 
https://scontent.fhan20-1.fna.fbcdn.net/v/t1.15752-9/432838435_714184257539550_3294061539371555319_n.jpg?_nc_cat=103&ccb=1-7&_nc_sid=5f2048&_nc_eui2=AeFuv7cuM4L_SrL86WciHhPVsJkg-6jskVGwmSD7qOyRUbpXMdcOG3g_oX2aITRjUmKKC201NXzxUIp11CoE0_p9&_nc_ohc=CkfGCKuwet0AX_WkbHw&_nc_ht=scontent.fhan20-1.fna&oh=03_AdS1fiMgjZLBUte3rEldcdLzwNMEZqdGPzXPulItwe7Wyg&oe=6631F1B7 
https://scontent.fhan2-3.fna.fbcdn.net/v/t1.15752-9/434682017_1615164652646304_3491259202502672630_n.jpg?_nc_cat=101&ccb=1-7&_nc_sid=5f2048&_nc_eui2=AeGlNnm7uVvX-rSqM9K9worcCa5Z8pqU7A0JrlnympTsDeyRLzAuOlefZDi7eaCdtYDQK6lXMGBHkCTLDemojdEL&_nc_ohc=FHNr2QCK4F4AX8NP0Zs&_nc_ht=scontent.fhan2-3.fna&oh=03_AdRaicVu1ICgGqDPP2RLRvgxWdxx2hGySSTqgqH_7ZzVGg&oe=6631F6EF ",,,B√°ch
2024/03/28,FP - ShowBeat,Ph∆∞∆°ng Nga L√™,üî•Menu ti·ªác h√¥m nay. Ch√∫c qu√Ω kh√°ch ƒÉn c∆∞·ªõi online ngon mi·ªáng. Thi·∫øu g√† lu·ªôc v·ªõi canh b√≥ng üêß,https://scontent.fhan20-1.fna.fbcdn.net/v/t1.15752-9/433472209_912111643997464_8497469699253115193_n.jpg?_nc_cat=102&ccb=1-7&_nc_sid=5f2048&_nc_eui2=AeEiAVajKMngxvqs07baAf1TduHX68ILtgx24dfrwgu2DGUOvoXuMAXraLWZ1bZIyH6AkiM5YINmXaR0IxKXWmdN&_nc_ohc=UBw2HzaxldcAX-vpKHQ&_nc_ht=scontent.fhan20-1.fna&oh=03_AdSi2nbCd3qh1jiMWn8d83KZzM_GgSG3QCKUz5ew9QpJ2Q&oe=6631D17F ,,,ƒê·∫°t
2024/03/28,FP - ShowBeat,Ph∆∞∆°ng Nga L√™,üî•Nh√† g√°i c≈©ng ƒë√£ s·∫µn s√†ng!!!  C√¥ d√¢u Chu Thanh Huy·ªÅn v·ªõi layout nh·∫π nh√†ng nh∆∞ng v·∫´n r·∫•t xinh ƒë·∫πp trong ng√†y tr·ªçng ƒë·∫°i c·ªßa m√¨nhüòç,"https://scontent.fhan20-1.fna.fbcdn.net/v/t1.15752-9/434052152_1802421250257626_1989208059448373299_n.jpg?_nc_cat=102&ccb=1-7&_nc_sid=5f2048&_nc_eui2=AeEVkWTuS6c-Eq4UWyMZAQP3aAzYFu-JGjxoDNgW74kaPIoOlnxG2-qECOJVlVT2WVwqwW3Irb0qjXGIgEg2fv3g&_nc_ohc=UO8Hy7Cc4W0AX95KcyK&_nc_ht=scontent.fhan20-1.fna&oh=03_AdRl-QV7NFUIhN04_dSpO3rw_tadg0zbXde7BQ9V28WNCw&oe=6631E9EA 
https://scontent.fhan2-3.fna.fbcdn.net/v/t1.15752-9/432857711_417052794356700_1213944095194814040_n.jpg?_nc_cat=108&ccb=1-7&_nc_sid=5f2048&_nc_eui2=AeHWd-FHR4CU3Q56HQVY3GzYcgXOb2ICpttyBc5vYgKm24nyHFJ94P2Hh90Gv-5GV23lFKjinpXM_5mntceZqd-W&_nc_ohc=CwUSCHL3I8AAX9Pwjb2&_nc_ht=scontent.fhan2-3.fna&oh=03_AdRWjV2RvE1CbcBEy_qJIjgcSIOzkcbD5Z8rwCy9fKx5Hg&oe=6631F709 
https://scontent.fhan2-5.fna.fbcdn.net/v/t1.15752-9/432826876_1420052651990599_3450063454818964352_n.jpg?_nc_cat=104&ccb=1-7&_nc_sid=5f2048&_nc_eui2=AeEbCLml35cIz1ShPXn1GxEdX51DaCPgPHBfnUNoI-A8cP_fi6flNb5vuy-84LcboRWk8IVYGJ-OD0ahC-_qekbT&_nc_ohc=mSXOVvJewI4AX_fo37j&_nc_ht=scontent.fhan2-5.fna&oh=03_AdS1pS1-YZGpWfgTrucblLd9EXeyHx3Dbvo0qQ9RfEsYew&oe=6631DED1 
https://scontent.fhan2-5.fna.fbcdn.net/v/t1.15752-9/432917936_1058830701846269_1875605312375028865_n.jpg?_nc_cat=107&ccb=1-7&_nc_sid=5f2048&_nc_eui2=AeH0NlWn2Q3tUb24FnqpdMmiTNR3UUVZX91M1HdRRVlf3fFzSnbRLnf35HU6xJKwmFYPhTkslgxA6E8m8E9GtODS&_nc_ohc=XbyHGfLdLXMAX-Q4gda&_nc_oc=AdiMQtiSjj1116lnaGSdlhH3RWUL092auNR-F8ih44bjOvSBimKj-M60EtXuX6AwGX0&_nc_ht=scontent.fhan2-5.fna&oh=03_AdT3OnV7Jhe_6x-FdPJOpBHy9ac2pXotanuBSaXOycNFdQ&oe=6631FDE4 ",,,ƒê·∫°t
2024/03/28,FP - ShowBeat,Ph∆∞∆°ng Nga L√™,üî•Ch√∫ r·ªÉ Quang H·∫£i ƒë√£ s·∫µn s√†ng c√πng si√™u xe 14 t·ª∑ l√™n ƒë∆∞·ªùng r∆∞·ªõc Chu Thanh Huy·ªÅn v·ªÅ dinh,"https://scontent.fhan2-4.fna.fbcdn.net/v/t1.15752-9/432750031_443497834767034_9220299670594346517_n.jpg?_nc_cat=100&ccb=1-7&_nc_sid=5f2048&_nc_eui2=AeG44-90mfRdyRp82GoGs8jLpcd0lEQf-eqlx3SURB_56nnYEO9MNooGl9tog4vQVjjfhyPIqMJvDJJqfqHCwREV&_nc_ohc=4iJItr2txq8AX8VxFKt&_nc_ht=scontent.fhan2-4.fna&oh=03_AdQBe_B3FWyhOinshxcqAimVeV4LsHRvQ8uYSJxbQaQFNQ&oe=6631F501 
https://scontent.fhan20-1.fna.fbcdn.net/v/t1.15752-9/433059262_680938794052083_3735128035513237296_n.jpg?_nc_cat=109&ccb=1-7&_nc_sid=5f2048&_nc_eui2=AeEplhHFnGZ9kazveFgBaXZVhO0gfve1WkOE7SB-97VaQ3yAey_VaNEASGvVMHp0RQI637f7_3P2WCzMetIvXbSm&_nc_ohc=dqltuJBx-xwAX9guWsK&_nc_ht=scontent.fhan20-1.fna&oh=03_AdRrJtNNqGGjJOyK-uBiQuyC3QvwXbB-FnHlXVyKI2oqSw&oe=6631F999 
https://scontent.fhan2-4.fna.fbcdn.net/v/t1.15752-9/432928957_6597558850347510_6044534419516458104_n.jpg?_nc_cat=110&ccb=1-7&_nc_sid=5f2048&_nc_eui2=AeGH_7hkl6TOAbO24q58z7OGd3WHv3x3ZCJ3dYe_fHdkIsmnF8d8oVOdvGKcw3ak_HeSVk-7kqgqIyK8jF_6-ZZl&_nc_ohc=dXdjFNcswFEAX8k36Vw&_nc_oc=AdgWNsZCtEO6asZvFkHcy1YittH-qHtmohxVyrsvhWCdmDB0BmIrvAON6KjJCAgvZ0U&_nc_ht=scontent.fhan2-4.fna&oh=03_AdSDcWmszKbTBODlJQDVJ57kWSu020FU5f1ojgzXMV2P0w&oe=6631DBAD 
https://scontent.fhan2-4.fna.fbcdn.net/v/t1.15752-9/432700604_952236276279041_8976314603210398059_n.jpg?_nc_cat=105&ccb=1-7&_nc_sid=5f2048&_nc_eui2=AeGZImYZogS0Sl4YS7NFnc1QQxEBZfV3nqFDEQFl9XeeoW1ooNvoiQkvicN7dkY3IaOSsUYMMIDOAPVjshLtcXyS&_nc_ohc=96M7IpHrkCIAX-xQXEP&_nc_oc=AdiNM7E9FV-qIFMtUD_knyktxx1CxShvOZSDPYW3SyoMmGV_yt6OUFeZ8FSlk_wFx_w&_nc_ht=scontent.fhan2-4.fna&oh=03_AdRcM_tqFLM_C516Cj318A-fsjUmclUOXfioGj8peI_0xw&oe=6631CDFC 
https://scontent.fhan2-4.fna.fbcdn.net/v/t1.15752-9/432754440_728136439484918_2580399782493160346_n.jpg?_nc_cat=105&ccb=1-7&_nc_sid=5f2048&_nc_eui2=AeFAxwKj-kNqtgPdFyYWYmHvzYilB85MXk3NiKUHzkxeTQafM2WJDg7g7nKA6KL7FHw2AH0OkRzWOcWb89Yy6oYv&_nc_ohc=nLgWZmCfrTAAX8NJ8mX&_nc_ht=scontent.fhan2-4.fna&oh=03_AdQKr6scIr3ph9-fb4kc2cPZszTME2J5W4w0DPpsUZ-H1Q&oe=6631CB4A ",,,B√°ch
,FP - ShowBeat,,,,,,
