index,time,page,sender_name,content,thumbnail,kdv,,
0,2024/02/15,Beatvn,Luu Viet Hoang,https://drive.google.com/file/d/1yZn1UQh6nxdCpS1HXXi1LIEiJkNVZVTc/view?usp=drive_link,https://drive.google.com/thumbnail?id=1yZn1UQh6nxdCpS1HXXi1LIEiJkNVZVTc,Đạt,Duyệt,
1,2024/02/15,Beat Viral World,Quang Hiếu,https://drive.google.com/file/d/1XB05E_5hk06deRcFJMxsp5fRjWP_8Nd9/view?usp=sharing,https://drive.google.com/thumbnail?id=1XB05E_5hk06deRcFJMxsp5fRjWP_8Nd9,Đạt,Duyệt,
2,2024/02/15,Beatvn,Ánh,https://drive.google.com/file/d/13OOk0FuT0O-szZizAQELW3UcyeliJeUF/view?usp=sharing,https://drive.google.com/thumbnail?id=13OOk0FuT0O-szZizAQELW3UcyeliJeUF,Đạt,Duyệt,
3,2024/02/15,Beatvn,Luu Viet Hoang,https://drive.google.com/file/d/1MbHfVWRFNg0GEDKF2D7IvwcYn79rsVIE/view?usp=drive_link,https://drive.google.com/thumbnail?id=1MbHfVWRFNg0GEDKF2D7IvwcYn79rsVIE,Đạt,Duyệt,
4,2024/02/15,Hello Vn,Ánh,https://drive.google.com/file/d/1NArVgZuKESSkxxKyeB4-A9TjFrfqTm7M/view?usp=sharing,https://drive.google.com/thumbnail?id=1NArVgZuKESSkxxKyeB4-A9TjFrfqTm7M,Đạt,Duyệt,
5,2024/02/15,Hello Vn,Ánh,https://drive.google.com/file/d/1luzLEWiY4ZKH4t4-CFLMh-kgxH4jhxF1/view?usp=sharing,https://drive.google.com/thumbnail?id=1luzLEWiY4ZKH4t4-CFLMh-kgxH4jhxF1,Đạt,Duyệt,
6,2024/02/15,Beat Viral World,Quang Hiếu,https://drive.google.com/file/d/1hE6koSsFRMz0ZzszKu-3Xh0Mxa7fRaBu/view?usp=sharing,https://drive.google.com/thumbnail?id=1hE6koSsFRMz0ZzszKu-3Xh0Mxa7fRaBu,Đạt,Duyệt,
7,2024/02/15,Hello Vn,Khánh Vũ,https://drive.google.com/file/d/1nygEloUaAW_VJBwPxqx0n5yXwhaP6r0n/view?usp=drive_link,https://drive.google.com/thumbnail?id=1nygEloUaAW_VJBwPxqx0n5yXwhaP6r0n,Đạt,Duyệt,
9,2024/02/15,Showbeat,Lệ Đỗ,https://drive.google.com/file/d/1pJ4NA09w5hqDNWNtmgmACHF9zooniiSY/view?usp=drive_link,https://drive.google.com/thumbnail?id=1pJ4NA09w5hqDNWNtmgmACHF9zooniiSY,Bách,Duyệt,
10,2024/02/15,Beatvn,Ánh,https://drive.google.com/file/d/1_JrILxWM3oqRF2W0UpkSHUEUblgGT3D4/view?usp=sharing,https://drive.google.com/thumbnail?id=1_JrILxWM3oqRF2W0UpkSHUEUblgGT3D4,Đạt,Duyệt,
11,2024/02/15,Hello Vn,Khánh Vũ,https://drive.google.com/file/d/1Z90VNHFmSh_1SV6ig-4FSSosCc3UTclK/view?usp=drive_link,https://drive.google.com/thumbnail?id=1Z90VNHFmSh_1SV6ig-4FSSosCc3UTclK,Đạt,Duyệt,
12,2024/02/15,Beat Viral World,Quang Hiếu,https://drive.google.com/file/d/1CvHlRw0fIpabxH7iZiXB7Xv4MODWG3OE/view?usp=sharing,https://drive.google.com/thumbnail?id=1CvHlRw0fIpabxH7iZiXB7Xv4MODWG3OE,Bách,Duyệt,
13,2024/02/15,Showbeat,Lệ Đỗ,https://drive.google.com/file/d/1a6z1ZgXKX3kFSQSp5ZANPMiXea2Fnbek/view?usp=sharing,https://drive.google.com/thumbnail?id=1a6z1ZgXKX3kFSQSp5ZANPMiXea2Fnbek,Bách,Duyệt,
14,2024/02/15,Hello Vn,Ánh,https://drive.google.com/file/d/1fcIVeN3Kn8YARUhq7jIHYA3uia5qZEtV/view?usp=sharing,https://drive.google.com/thumbnail?id=1fcIVeN3Kn8YARUhq7jIHYA3uia5qZEtV,Đạt,Duyệt,
15,2024/02/14,Hello Vn,Ánh,https://drive.google.com/file/d/1pN4sT_6Hu15422Z04tQJ5M3SLIDjgSZR/view?usp=sharing,https://drive.google.com/thumbnail?id=1pN4sT_6Hu15422Z04tQJ5M3SLIDjgSZR,Bách,Duyệt,
16,2024/02/13,Beat Viral World,Quang Hiếu,https://drive.google.com/file/d/1qmwUQkjz-LhFwYAfwIcJRXytRC_DWsED/view?usp=sharing,https://drive.google.com/thumbnail?id=1qmwUQkjz-LhFwYAfwIcJRXytRC_DWsED,Đạt,Duyệt,
17,2024/02/13,Beatvn,Luu Viet Hoang,https://drive.google.com/file/d/1PuybSEriUmGA5hnL12UHxhuE_bYKhfkY/view?usp=drivesdk,https://drive.google.com/thumbnail?id=1PuybSEriUmGA5hnL12UHxhuE_bYKhfkY,Đạt,Duyệt,
18,2024/02/13,Beatvn,Luu Viet Hoang,https://drive.google.com/file/d/10nR7K1ip3pgsVq0cNy6jy9bjGvTRvNrm/view?usp=drivesdk,https://drive.google.com/thumbnail?id=10nR7K1ip3pgsVq0cNy6jy9bjGvTRvNrm,Đạt,Duyệt,
19,2024/02/12,Hello Vn,Khánh Vũ,https://drive.google.com/file/d/199rNk-1fnuyOMnTA_OBJwgfsiAN-QiI6/view?usp=drive_link,https://drive.google.com/thumbnail?id=199rNk-1fnuyOMnTA_OBJwgfsiAN-QiI6,Bách,Sửa/ xóa bài,che bao thuốc
20,2024/02/12,Showbeat,Lệ Đỗ,https://drive.google.com/file/d/1HUjYr8U03R34BZzMpweOhozNFxMstqDg/view?usp=drivesdk,https://drive.google.com/thumbnail?id=1HUjYr8U03R34BZzMpweOhozNFxMstqDg,Bách,Duyệt,
21,2024/02/12,Beatvn,Luu Viet Hoang,https://drive.google.com/file/d/1sTX-sYsGY4-xxGt2bKR0rho2FD_wA405/view?usp=drivesdk,https://drive.google.com/thumbnail?id=1sTX-sYsGY4-xxGt2bKR0rho2FD_wA405,Bách,Duyệt,
22,2024/02/11,Showbeat,Lệ Đỗ,https://drive.google.com/file/d/1VhXpdIXNEEfdSKGoWjE6yvM89qndA0zx/view?usp=sharing,https://drive.google.com/thumbnail?id=1VhXpdIXNEEfdSKGoWjE6yvM89qndA0zx,Bách,Duyệt,
23,2024/02/11,Showbeat,Lệ Đỗ,https://drive.google.com/file/d/1lvA2rKoforEif0tOSUunPw1Q8IlcMd5N/view?usp=sharing,https://drive.google.com/thumbnail?id=1lvA2rKoforEif0tOSUunPw1Q8IlcMd5N,Bách,Duyệt,
24,2024/02/11,Beatvn,Luu Viet Hoang,https://drive.google.com/file/d/14eYplUx5rlXxe3j61cgRlAmojbPGwYFm/view?usp=drive_link,https://drive.google.com/thumbnail?id=14eYplUx5rlXxe3j61cgRlAmojbPGwYFm,Bách,Duyệt,
25,2024/02/10,Showbeat,Lệ Đỗ,https://drive.google.com/file/d/1wACfAjD99JphmdYWk1AOOMb_UHD_ljV_/view?usp=sharing,https://drive.google.com/thumbnail?id=1wACfAjD99JphmdYWk1AOOMb_UHD_ljV_,Đạt,Duyệt,
